"X1","X2","X3","X4","X5","X6","X7","X8","X9","X10","Y"
2,"36","3","3","8","1","1","3","2","0","1"
4,"38","3","4","2","1","1","2","3","0","1"
5,"25","3","3","4","1","1","3","2","0","1"
7,"47","2","3","0","1","0","1","3","0","1"
8,"25","1","4","1","1","1","2","1","0","1"
9,"32","4","4","2","1","1","2","3","0","1"
10,"49","4","4","7","0","1","2","4","0","1"
11,"20","2","2","2","1","1","2","2","1","1"
12,"43","4","4","5","1","0","1","4","0","1"
14,"42","3","3","10","1","1","3","3","0","1"
15,"20","2","3","1","1","1","2","3","0","1"
16,"22","2","3","1","1","1","2","1","0","1"
17,"24","2","4","1","1","1","3","1","0","1"
18,"24","2","4","1","1","0","4","4","0","1"
19,"25","2","3","0","1","1","2","1","0","1"
20,"46","2","4","6","1","1","1","4","0","1"
21,"41","1","3","10","1","1","2","3","1","1"
22,"28","4","4","5","1","1","2","1","0","1"
23,"17","2","2","3","1","1","3","1","0","1"
24,"40","3","3","3","1","1","3","2","0","1"
25,"26","3","4","2","1","1","3","3","0","1"
26,"44","2","1","3","1","0","3","2","0","1"
27,"48","3","4","3","1","1","3","1","0","1"
28,"48","1","2","8","1","1","3","1","0","1"
31,"21","3","3","2","1","1","2","2","0","1"
33,"22","2","4","1","1","1","2","4","0","1"
34,"22","3","3","2","1","1","3","4","0","1"
35,"28","4","4","0","0","1","1","3","0","1"
38,"25","2","2","3","1","0","3","1","0","1"
40,"22","2","3","2","1","1","3","1","0","1"
41,"26","3","4","3","1","1","3","2","0","1"
42,"42","3","2","1","1","1","3","3","0","1"
43,"34","3","2","8","1","0","2","3","1","1"
44,"48","1","3","4","1","1","3","4","1","1"
45,"37","2","3","5","1","0","3","2","0","1"
46,"22","4","4","2","1","1","1","3","0","1"
47,"25","3","3","1","1","1","3","2","0","1"
48,"39","3","3","1","0","1","3","4","0","1"
49,"22","3","3","0","1","1","2","2","0","1"
50,"31","2","4","5","1","1","3","2","0","1"
52,"38","3","3","7","1","1","3","1","0","1"
55,"25","3","4","1","1","1","2","1","0","1"
57,"21","2","4","2","1","1","3","1","0","1"
58,"29","2","4","2","1","0","4","4","1","1"
59,"23","2","4","4","1","1","3","3","0","1"
60,"22","2","1","0","1","1","3","2","0","1"
61,"40","4","4","3","1","1","3","4","0","1"
62,"25","3","3","1","1","1","3","4","0","1"
64,"40","4","4","2","1","1","3","4","0","1"
65,"36","2","2","0","0","0","3","3","0","1"
66,"28","1","4","2","1","0","2","3","0","1"
67,"40","1","1","2","1","0","3","4","0","1"
68,"45","3","4","2","0","1","1","4","0","1"
69,"21","1","3","0","1","0","3","4","1","1"
70,"28","4","4","1","0","1","1","3","0","1"
73,"30","4","4","3","1","0","2","4","0","1"
75,"25","3","3","1","1","1","3","1","0","1"
76,"35","2","3","8","1","1","3","2","0","1"
77,"23","4","4","1","1","1","2","3","0","1"
78,"23","3","3","6","1","1","3","3","0","1"
80,"46","1","2","8","1","1","3","3","1","1"
81,"39","4","4","2","1","0","1","4","0","1"
82,"44","4","4","3","1","0","1","4","1","1"
83,"19","4","4","0","0","1","3","4","0","1"
84,"23","3","3","2","1","1","3","3","0","1"
85,"47","3","3","2","1","1","2","4","0","1"
86,"35","3","3","2","1","0","2","2","0","1"
87,"19","3","3","1","1","1","2","4","0","1"
88,"42","2","4","2","1","1","3","4","0","1"
89,"47","1","1","1","1","1","3","4","0","1"
203,"27","2","4","1","1","0","1","1","0","1"
204,"23","4","4","0","1","0","1","4","0","1"
205,"38","1","2","12","1","1","2","3","0","1"
207,"49","2","3","4","1","1","2","3","0","1"
209,"42","4","4","3","1","1","1","4","0","1"
210,"23","3","3","1","1","0","2","4","0","1"
211,"24","3","4","0","1","0","2","3","0","1"
212,"43","2","3","3","0","1","2","3","0","1"
213,"33","1","2","0","1","0","3","3","0","1"
214,"49","1","2","8","1","1","3","1","1","1"
216,"25","3","4","3","1","1","1","1","0","1"
217,"27","4","4","2","1","0","1","4","0","1"
218,"46","3","1","5","1","1","3","2","0","1"
219,"25","3","3","1","1","1","2","2","0","1"
220,"39","3","1","1","1","1","2","3","0","1"
221,"31","3","3","1","1","0","3","4","0","1"
222,"36","2","3","6","1","1","2","3","0","1"
223,"25","2","3","2","1","1","3","2","0","1"
224,"45","2","3","6","1","1","3","2","1","1"
227,"48","3","4","11","1","1","1","4","0","1"
228,"48","4","4","1","0","1","1","4","0","1"
229,"45","4","4","1","1","1","1","4","0","1"
230,"25","3","2","1","1","0","3","3","0","1"
233,"41","3","4","3","0","1","2","4","0","1"
234,"32","4","4","1","0","1","1","4","0","1"
236,"31","3","2","1","1","1","3","4","0","1"
237,"25","4","4","0","0","1","2","4","0","1"
238,"34","3","3","6","1","1","2","3","0","1"
239,"26","1","3","1","1","1","3","1","0","1"
296,"24","2","3","3","1","1","2","3","0","1"
297,"45","1","1","8","1","1","2","2","1","1"
298,"38","1","3","2","1","0","3","3","1","1"
299,"44","4","4","1","1","0","1","4","0","1"
300,"26","2","4","0","1","1","4","1","0","1"
303,"24","3","4","0","1","0","3","1","0","1"
306,"42","2","2","3","1","1","3","4","0","1"
308,"26","4","4","1","1","1","1","4","0","1"
310,"23","3","4","2","1","1","3","4","0","1"
312,"38","4","4","1","1","0","1","4","0","1"
314,"27","2","4","4","1","1","1","4","0","1"
315,"24","2","2","3","1","0","2","1","0","1"
317,"47","1","2","3","1","1","1","3","0","1"
318,"26","4","3","4","1","1","2","3","0","1"
319,"23","2","4","2","1","1","3","3","0","1"
320,"22","4","4","0","1","1","1","1","0","1"
321,"21","4","4","1","1","1","1","4","0","1"
322,"34","4","4","3","0","0","3","3","0","1"
323,"36","2","3","5","1","1","2","3","0","1"
324,"31","3","4","2","1","1","1","2","1","1"
325,"36","2","3","2","1","1","3","2","1","1"
326,"25","3","4","0","1","1","1","3","0","1"
327,"26","4","4","1","1","1","1","3","0","1"
330,"45","4","4","4","1","1","2","3","0","1"
331,"43","4","4","5","1","1","1","4","0","1"
332,"23","4","4","2","1","1","2","4","0","1"
333,"47","1","2","4","1","1","2","2","0","1"
334,"40","3","3","1","1","0","3","3","0","1"
335,"37","3","4","1","1","1","2","4","0","1"
336,"25","3","2","2","1","1","3","2","0","1"
337,"32","2","4","0","1","0","3","4","0","1"
340,"36","2","3","4","1","1","3","1","1","1"
341,"30","1","2","4","1","1","4","1","0","1"
342,"32","2","4","2","1","1","3","3","0","1"
343,"42","1","4","11","0","1","2","2","1","1"
345,"43","1","3","8","1","1","3","1","0","1"
346,"31","3","3","2","1","0","2","3","0","1"
347,"47","4","4","4","1","1","1","4","0","1"
348,"32","4","4","4","1","0","1","3","0","1"
351,"32","3","4","4","1","1","1","4","0","1"
352,"34","4","4","2","0","1","1","4","0","1"
354,"36","4","4","2","1","1","3","3","0","1"
356,"43","1","3","5","1","0","3","2","0","1"
357,"49","2","4","6","0","1","2","3","0","1"
359,"48","4","4","3","1","1","2","4","0","1"
360,"41","3","3","5","1","1","3","4","0","1"
362,"21","3","3","0","1","1","2","2","0","1"
363,"22","3","4","2","1","1","2","3","0","1"
366,"21","1","2","1","1","0","3","4","0","1"
367,"47","4","4","1","0","1","1","4","0","1"
368,"25","2","3","0","1","1","2","4","0","1"
369,"37","1","3","0","1","1","3","4","0","1"
370,"42","3","3","3","1","0","2","4","0","1"
372,"23","3","3","2","1","1","2","2","0","1"
373,"25","2","3","1","1","0","2","1","0","1"
374,"28","2","4","1","1","0","3","4","0","1"
375,"37","4","4","2","0","1","1","4","0","1"
376,"48","1","1","8","1","0","2","2","1","1"
377,"46","1","2","3","1","1","2","1","1","1"
378,"45","2","3","4","1","0","2","4","0","1"
500,"35","2","2","6","1","0","3","1","1","1"
502,"25","4","4","2","1","1","3","2","0","1"
503,"20","3","4","0","1","1","3","3","0","1"
504,"38","2","4","3","1","1","1","3","0","1"
506,"35","3","4","6","1","0","2","2","0","1"
507,"48","4","4","4","0","1","1","4","0","1"
508,"37","4","4","2","1","1","1","4","0","1"
510,"45","1","1","0","0","0","2","1","0","1"
512,"35","2","3","8","1","1","3","3","1","1"
514,"27","3","3","4","1","1","2","4","0","1"
515,"24","2","3","2","1","1","3","1","0","1"
516,"48","1","1","6","1","1","2","3","1","1"
517,"38","1","2","8","1","1","3","3","1","1"
520,"20","3","4","1","1","1","3","2","0","1"
521,"24","3","4","2","1","1","2","4","0","1"
522,"23","3","4","4","1","1","3","1","1","1"
524,"27","3","4","0","1","0","3","3","0","1"
525,"19","4","4","1","1","1","1","3","0","1"
526,"38","1","3","4","1","0","2","2","0","1"
528,"44","1","2","2","1","1","3","1","0","1"
529,"32","4","4","3","1","1","1","4","0","1"
530,"22","3","4","2","1","1","3","3","0","1"
531,"26","2","3","3","1","1","3","4","0","1"
532,"20","3","4","0","1","1","3","3","0","1"
533,"24","4","4","4","1","1","1","4","0","1"
534,"33","2","2","3","0","0","2","4","0","1"
535,"38","3","3","4","0","0","3","2","1","1"
536,"22","2","2","1","1","1","3","1","1","1"
537,"41","1","3","3","1","0","2","4","0","1"
538,"37","3","4","0","1","1","3","4","0","1"
539,"24","3","4","2","1","1","2","2","0","1"
541,"31","3","4","2","1","1","1","4","0","1"
593,"40","2","4","8","1","1","3","3","0","1"
594,"29","4","4","0","1","0","1","4","0","1"
595,"31","4","4","2","1","1","3","2","0","1"
596,"26","2","4","0","1","0","1","2","0","1"
597,"26","4","4","0","1","0","1","4","0","1"
599,"40","3","4","8","1","1","3","3","0","1"
600,"34","4","4","1","0","0","2","3","0","1"
601,"36","2","4","5","1","1","2","3","0","1"
602,"37","3","4","7","1","1","2","1","0","1"
604,"25","4","4","1","1","0","3","3","0","1"
606,"21","3","4","0","1","1","2","3","0","1"
607,"28","4","4","0","0","0","1","4","0","1"
608,"19","2","3","0","1","0","2","2","0","1"
610,"44","3","4","1","1","1","1","3","0","1"
611,"20","2","3","1","0","1","3","2","0","1"
612,"43","1","3","2","1","0","2","2","1","1"
613,"28","3","4","1","1","1","3","1","1","1"
614,"47","4","4","1","1","0","1","3","0","1"
615,"41","4","4","2","1","1","1","4","0","1"
616,"44","4","4","3","1","1","2","4","0","1"
617,"21","1","3","4","1","1","3","2","0","1"
618,"35","4","4","2","1","0","2","4","0","1"
619,"45","1","4","5","1","1","1","2","1","1"
620,"34","4","4","4","1","1","2","3","0","1"
621,"30","2","4","4","1","0","1","4","0","1"
622,"45","2","4","2","1","0","2","4","0","1"
623,"49","2","1","10","1","0","2","4","0","1"
624,"34","4","4","2","1","0","1","4","0","1"
626,"44","1","1","11","1","1","4","1","1","1"
627,"36","3","4","6","1","1","2","4","0","1"
631,"27","3","4","2","1","0","2","2","0","1"
632,"22","2","3","1","1","1","3","3","0","1"
633,"45","1","3","1","1","1","2","3","1","1"
635,"28","3","4","0","1","1","3","2","0","1"
636,"21","3","4","0","1","0","3","1","0","1"
637,"24","4","4","1","1","1","3","3","0","1"
638,"40","3","3","4","1","1","2","2","0","1"
639,"27","4","4","1","1","1","1","2","0","1"
641,"33","4","4","5","1","1","3","3","0","1"
642,"44","1","2","7","1","1","3","4","0","1"
643,"42","3","4","10","1","0","3","2","0","1"
644,"47","2","1","5","0","1","2","4","0","1"
645,"35","1","3","0","1","1","2","2","1","1"
646,"24","4","4","1","1","1","2","2","0","1"
647,"49","3","4","6","1","1","1","4","0","1"
648,"47","4","4","2","1","1","1","4","0","1"
649,"29","1","2","7","1","1","2","4","0","1"
650,"24","2","4","2","1","1","3","4","0","1"
651,"23","4","4","1","1","0","2","4","0","1"
652,"47","3","4","3","1","1","2","3","0","1"
653,"36","3","3","2","1","0","2","4","0","1"
654,"25","1","4","2","1","0","3","3","1","1"
655,"30","3","3","5","1","0","3","4","0","1"
656,"40","4","4","3","0","1","3","4","0","1"
657,"44","1","3","4","1","1","3","3","1","1"
658,"49","4","4","4","1","1","3","4","0","1"
660,"30","2","3","4","1","0","3","2","0","1"
662,"22","2","4","4","1","1","3","4","0","1"
664,"38","3","3","5","1","1","1","4","0","1"
666,"40","3","3","3","1","1","2","2","1","1"
667,"32","2","4","5","1","1","2","3","0","1"
669,"33","4","4","5","1","1","3","4","0","1"
670,"25","3","3","0","1","1","3","4","0","1"
788,"41","3","2","11","1","1","2","3","0","1"
789,"23","2","2","2","1","1","3","3","0","1"
790,"26","2","4","3","1","1","3","4","0","1"
791,"29","3","4","4","1","1","1","4","0","1"
794,"27","1","2","4","1","1","1","4","1","1"
795,"43","3","4","10","1","1","3","3","0","1"
796,"42","4","4","1","1","1","2","4","0","1"
798,"43","4","4","6","1","1","1","3","0","1"
800,"22","4","4","0","1","0","2","4","0","1"
801,"43","1","2","8","1","1","2","2","1","1"
802,"46","1","4","8","1","1","1","4","1","1"
803,"30","1","3","1","1","1","3","4","0","1"
804,"47","1","4","7","1","1","2","3","0","1"
806,"45","3","4","0","1","1","1","3","0","1"
807,"36","2","1","6","1","1","2","3","0","1"
810,"25","1","3","1","1","1","4","2","0","1"
811,"22","4","4","0","1","1","2","1","1","1"
812,"45","3","4","0","1","1","1","3","0","1"
814,"18","3","4","1","1","1","3","3","0","1"
815,"21","4","4","1","1","1","3","4","0","1"
817,"43","4","4","5","1","1","1","3","0","1"
818,"26","3","4","1","0","1","2","2","0","1"
820,"22","2","4","1","1","1","3","4","0","1"
822,"45","4","4","1","1","0","1","4","0","1"
825,"47","3","2","5","1","1","4","4","0","1"
827,"22","3","3","2","1","1","2","4","0","1"
828,"29","3","4","1","0","1","2","3","0","1"
829,"42","4","4","0","0","0","3","4","0","1"
830,"28","4","4","3","0","0","1","4","0","1"
831,"47","4","4","1","1","1","1","4","0","1"
832,"47","1","2","2","1","1","2","4","0","1"
833,"46","4","4","6","1","1","1","4","0","1"
886,"21","3","3","1","1","0","3","2","0","1"
887,"39","2","2","6","1","1","2","4","0","1"
888,"39","2","1","5","1","1","2","1","1","1"
889,"48","4","4","5","1","1","1","4","0","1"
891,"43","1","2","8","1","1","2","4","0","1"
892,"33","2","2","2","1","1","3","1","0","1"
893,"24","2","3","1","1","1","3","3","0","1"
894,"43","1","2","8","1","0","3","1","0","1"
895,"28","2","2","1","1","1","3","2","0","1"
896,"27","2","4","1","1","0","1","3","0","1"
897,"44","4","2","8","1","1","3","3","0","1"
899,"48","2","3","8","1","1","1","4","0","1"
900,"21","3","4","1","1","1","2","3","0","1"
901,"49","4","4","6","0","0","1","4","0","1"
902,"33","4","4","2","1","1","1","4","0","1"
903,"25","4","4","1","1","1","1","3","0","1"
904,"38","2","2","1","1","0","3","2","0","1"
905,"41","2","3","1","1","0","2","3","0","1"
906,"27","2","3","5","1","1","2","1","0","1"
907,"27","1","2","4","1","1","3","1","1","1"
908,"27","2","4","3","1","0","3","2","0","1"
910,"26","2","3","3","1","1","3","1","0","1"
911,"32","3","3","7","1","0","2","3","0","1"
912,"31","2","2","4","1","1","3","3","0","1"
913,"37","4","4","1","1","1","1","4","0","1"
914,"20","4","4","1","1","1","1","4","0","1"
915,"30","4","4","0","0","0","3","3","0","1"
918,"47","1","1","7","1","1","2","3","1","1"
920,"22","2","2","2","1","1","3","1","0","1"
921,"44","1","3","0","1","1","2","3","0","1"
922,"22","4","4","0","1","1","2","4","0","1"
923,"47","4","4","4","1","1","1","4","0","1"
925,"24","3","3","2","1","1","3","3","0","1"
926,"18","3","4","0","1","0","3","1","0","1"
927,"22","2","4","0","1","1","3","3","0","1"
929,"37","3","3","2","1","1","1","4","0","1"
930,"26","2","4","1","1","1","1","3","0","1"
931,"20","3","3","1","1","1","2","3","0","1"
932,"19","3","4","1","1","1","2","3","0","1"
933,"41","1","4","4","1","1","3","3","0","1"
935,"48","1","3","4","1","1","3","3","1","1"
936,"38","3","4","2","0","1","2","4","0","1"
937,"44","2","2","1","1","0","3","2","0","1"
938,"44","3","4","6","1","1","3","4","0","1"
941,"36","4","4","4","1","1","1","4","0","1"
942,"28","4","4","3","0","1","1","4","0","1"
943,"27","4","4","1","0","1","3","4","0","1"
945,"42","3","3","8","1","1","4","3","0","1"
946,"23","4","4","0","0","1","2","4","0","1"
947,"33","4","4","1","0","0","3","4","0","1"
948,"19","2","2","2","1","1","3","1","0","1"
949,"24","2","2","2","1","1","3","1","1","1"
950,"27","2","2","1","1","0","3","2","1","1"
951,"23","2","4","2","1","1","1","4","0","1"
952,"18","3","4","1","1","1","3","1","0","1"
953,"30","2","3","2","1","0","2","4","0","1"
954,"29","3","2","0","1","1","2","2","0","1"
955,"20","2","3","3","1","1","3","4","0","1"
956,"37","2","3","4","1","1","2","3","0","1"
957,"37","2","3","2","0","0","3","3","0","1"
958,"38","2","4","5","1","1","3","3","0","1"
961,"39","1","2","2","1","1","3","1","1","1"
962,"40","2","2","8","1","1","2","2","0","1"
964,"24","2","2","3","1","1","2","4","0","1"
1079,"25","4","4","0","1","0","3","4","0","1"
1080,"42","2","3","2","1","1","1","4","0","1"
1081,"22","4","4","0","1","1","3","2","0","1"
1082,"27","4","4","1","0","0","2","4","0","1"
1083,"40","2","2","8","1","1","1","3","0","1"
1084,"29","2","4","0","1","0","3","4","0","1"
1085,"31","4","4","3","1","0","2","3","0","1"
1086,"44","1","4","9","1","1","1","2","0","1"
1087,"25","4","4","1","1","1","1","4","0","1"
1088,"27","3","4","2","1","1","1","3","0","1"
1090,"45","2","3","11","1","1","2","3","0","1"
1091,"29","3","4","2","1","1","1","3","0","1"
1093,"30","4","4","4","1","1","2","4","0","1"
1094,"30","4","2","0","1","0","3","3","0","1"
1095,"45","2","4","8","1","1","2","3","0","1"
1096,"21","2","4","0","1","1","2","2","0","1"
1098,"30","2","3","1","1","1","2","1","0","1"
1100,"26","4","4","0","1","1","3","4","0","1"
1101,"28","4","4","5","1","1","1","4","0","1"
1103,"28","3","4","0","1","0","3","4","0","1"
1104,"27","3","4","0","1","1","3","3","0","1"
1105,"26","2","3","1","1","0","4","4","0","1"
1106,"37","3","4","4","1","0","2","4","0","1"
1107,"36","4","3","3","1","0","3","2","0","1"
1108,"20","4","4","0","0","0","2","4","0","1"
1109,"43","3","4","2","0","1","3","4","0","1"
1110,"31","1","1","6","1","1","3","2","0","1"
1111,"46","1","2","7","1","1","3","1","1","1"
1112,"34","3","4","4","0","1","3","1","1","1"
1113,"16","2","4","1","1","1","3","4","0","1"
1115,"21","2","3","0","1","1","3","4","0","1"
1116,"22","2","1","0","1","1","2","2","0","1"
1117,"45","4","4","1","1","1","1","4","0","1"
1118,"28","4","4","5","1","0","3","4","0","1"
1120,"47","1","1","4","1","1","2","2","0","1"
1122,"49","1","2","5","1","0","2","2","1","1"
1123,"21","2","4","3","1","1","3","2","0","1"
1179,"43","2","3","7","1","1","3","4","0","1"
1180,"36","3","3","8","1","1","3","2","0","1"
1181,"27","2","3","3","1","1","3","4","0","1"
1184,"28","2","2","1","1","1","2","4","0","1"
1185,"47","2","3","0","1","0","1","3","0","1"
1186,"25","1","4","1","1","1","2","1","0","1"
1187,"32","4","4","2","1","1","2","3","0","1"
1188,"49","4","4","7","0","1","2","4","0","1"
1189,"20","2","2","2","1","1","2","2","1","1"
1192,"42","3","3","10","1","1","3","3","0","1"
1193,"20","2","3","1","1","1","2","3","0","1"
1194,"22","2","3","1","1","1","2","1","0","1"
1196,"24","2","4","1","1","0","4","4","0","1"
1197,"25","2","3","0","1","1","2","1","0","1"
1198,"46","2","4","6","1","1","1","4","0","1"
1199,"41","1","3","10","1","1","2","3","1","1"
1200,"28","4","4","5","1","1","2","1","0","1"
1201,"17","2","2","3","1","1","3","1","0","1"
1202,"40","3","3","3","1","1","3","2","0","1"
1203,"26","3","4","2","1","1","3","3","0","1"
1204,"44","2","1","3","1","0","3","2","0","1"
1205,"48","3","4","3","1","1","3","1","0","1"
1206,"48","1","2","8","1","1","3","1","0","1"
1207,"26","3","3","3","1","0","2","4","0","1"
1208,"24","4","4","2","1","1","3","3","0","1"
1212,"22","3","3","2","1","1","3","4","0","1"
1215,"20","2","4","0","1","1","3","2","0","1"
1217,"27","2","3","2","1","1","3","3","0","1"
1218,"22","2","3","2","1","1","3","1","0","1"
1219,"26","3","4","3","1","1","3","2","0","1"
1220,"42","3","2","1","1","1","3","3","0","1"
1221,"34","3","2","8","1","0","2","3","1","1"
1222,"48","1","3","4","1","1","3","4","1","1"
1223,"37","2","3","5","1","0","3","2","0","1"
1224,"22","4","4","2","1","1","1","3","0","1"
1225,"25","3","3","1","1","1","3","2","0","1"
1226,"39","3","3","1","0","1","3","4","0","1"
1227,"22","3","3","0","1","1","2","2","0","1"
1229,"45","3","4","6","1","1","2","4","0","1"
1230,"38","3","3","7","1","1","3","1","0","1"
1232,"28","3","4","1","1","1","3","4","0","1"
1234,"23","3","4","2","1","0","2","3","0","1"
1236,"29","2","4","2","1","0","4","4","1","1"
1237,"23","2","4","4","1","1","3","3","0","1"
1238,"22","2","1","0","1","1","3","2","0","1"
1239,"40","4","4","3","1","1","3","4","0","1"
1240,"25","3","3","1","1","1","3","4","0","1"
1243,"36","2","2","0","0","0","3","3","0","1"
1244,"28","1","4","2","1","0","2","3","0","1"
1245,"40","1","1","2","1","0","3","4","0","1"
1246,"45","3","4","2","0","1","1","4","0","1"
1247,"21","1","3","0","1","0","3","4","1","1"
1248,"28","4","4","1","0","1","1","3","0","1"
1249,"25","4","4","1","0","1","2","3","0","1"
1250,"39","3","4","1","0","1","3","4","0","1"
1252,"28","4","4","1","0","1","2","4","0","1"
1255,"23","4","4","1","1","1","2","3","0","1"
1256,"23","3","3","6","1","1","3","3","0","1"
1257,"49","1","3","0","1","1","3","3","1","1"
1258,"46","1","2","8","1","1","3","3","1","1"
1259,"39","4","4","2","1","0","1","4","0","1"
1260,"44","4","4","3","1","0","1","4","1","1"
1261,"19","4","4","0","0","1","3","4","0","1"
1262,"23","3","3","2","1","1","3","3","0","1"
1264,"35","3","3","2","1","0","2","2","0","1"
1265,"19","3","3","1","1","1","2","4","0","1"
1266,"42","2","4","2","1","1","3","4","0","1"
1267,"47","1","1","1","1","1","3","4","0","1"
1382,"23","4","4","0","1","0","1","4","0","1"
1384,"39","2","2","5","1","0","3","2","1","1"
1387,"42","4","4","3","1","1","1","4","0","1"
1388,"23","3","3","1","1","0","2","4","0","1"
1389,"24","3","4","0","1","0","2","3","0","1"
1391,"33","1","2","0","1","0","3","3","0","1"
1393,"37","3","4","7","1","1","3","4","0","1"
1394,"25","3","4","3","1","1","1","1","0","1"
1395,"27","4","4","2","1","0","1","4","0","1"
1396,"46","3","1","5","1","1","3","2","0","1"
1398,"39","3","1","1","1","1","2","3","0","1"
1400,"36","2","3","6","1","1","2","3","0","1"
1401,"25","2","3","2","1","1","3","2","0","1"
1402,"45","2","3","6","1","1","3","2","1","1"
1405,"48","3","4","11","1","1","1","4","0","1"
1406,"48","4","4","1","0","1","1","4","0","1"
1407,"45","4","4","1","1","1","1","4","0","1"
1408,"25","3","2","1","1","0","3","3","0","1"
1409,"31","3","4","3","0","0","2","4","0","1"
1411,"41","3","4","3","0","1","2","4","0","1"
1413,"34","1","3","4","1","0","3","4","0","1"
1414,"31","3","2","1","1","1","3","4","0","1"
1415,"25","4","4","0","0","1","2","4","0","1"
1416,"34","3","3","6","1","1","2","3","0","1"
1417,"26","1","3","1","1","1","3","1","0","1"
1474,"24","2","3","3","1","1","2","3","0","1"
1475,"45","1","1","8","1","1","2","2","1","1"
1476,"38","1","3","2","1","0","3","3","1","1"
1477,"44","4","4","1","1","0","1","4","0","1"
1478,"26","2","4","0","1","1","4","1","0","1"
1481,"24","3","4","0","1","0","3","1","0","1"
1484,"42","2","2","3","1","1","3","4","0","1"
1485,"45","4","4","0","1","1","2","4","0","1"
1487,"47","1","2","2","1","0","1","3","0","1"
1488,"23","3","4","2","1","1","3","4","0","1"
1490,"38","4","4","1","1","0","1","4","0","1"
1491,"35","4","4","3","0","1","1","4","0","1"
1493,"24","2","2","3","1","0","2","1","0","1"
1494,"26","2","2","3","1","1","2","1","0","1"
1495,"47","1","2","3","1","1","1","3","0","1"
1496,"26","4","3","4","1","1","2","3","0","1"
1497,"23","2","4","2","1","1","3","3","0","1"
1498,"22","4","4","0","1","1","1","1","0","1"
1499,"21","4","4","1","1","1","1","4","0","1"
1500,"34","4","4","3","0","0","3","3","0","1"
1502,"31","3","4","2","1","1","1","2","1","1"
1503,"36","2","3","2","1","1","3","2","1","1"
1504,"25","3","4","0","1","1","1","3","0","1"
1506,"30","4","4","2","0","1","3","1","0","1"
1507,"35","4","4","2","0","1","3","3","0","1"
1508,"45","4","4","4","1","1","2","3","0","1"
1509,"43","4","4","5","1","1","1","4","0","1"
1510,"23","4","4","2","1","1","2","4","0","1"
1511,"47","1","2","4","1","1","2","2","0","1"
1512,"40","3","3","1","1","0","3","3","0","1"
1513,"37","3","4","1","1","1","2","4","0","1"
1515,"32","2","4","0","1","0","3","4","0","1"
1516,"25","2","4","1","1","1","2","2","0","1"
1517,"42","1","3","12","1","1","3","3","0","1"
1518,"36","2","3","4","1","1","3","1","1","1"
1519,"30","1","2","4","1","1","4","1","0","1"
1521,"42","1","4","11","0","1","2","2","1","1"
1522,"32","4","4","1","1","1","1","4","0","1"
1524,"31","3","3","2","1","0","2","3","0","1"
1525,"47","4","4","4","1","1","1","4","0","1"
1526,"32","4","4","4","1","0","1","3","0","1"
1528,"39","1","1","5","1","0","3","1","1","1"
1529,"32","3","4","4","1","1","1","4","0","1"
1530,"34","4","4","2","0","1","1","4","0","1"
1531,"34","4","4","2","1","0","1","3","0","1"
1532,"36","4","4","2","1","1","3","3","0","1"
1533,"47","1","2","7","1","0","3","2","0","1"
1534,"43","1","3","5","1","0","3","2","0","1"
1537,"48","4","4","3","1","1","2","4","0","1"
1541,"22","3","4","2","1","1","2","3","0","1"
1542,"32","2","3","4","0","1","2","4","0","1"
1544,"21","1","2","1","1","0","3","4","0","1"
1545,"47","4","4","1","0","1","1","4","0","1"
1546,"25","2","3","0","1","1","2","4","0","1"
1547,"37","1","3","0","1","1","3","4","0","1"
1548,"42","3","3","3","1","0","2","4","0","1"
1553,"37","4","4","2","0","1","1","4","0","1"
1554,"48","1","1","8","1","0","2","2","1","1"
1555,"46","1","2","3","1","1","2","1","1","1"
1678,"35","2","2","6","1","0","3","1","1","1"
1679,"49","4","4","1","1","1","3","4","0","1"
1681,"20","3","4","0","1","1","3","3","0","1"
1683,"41","2","4","1","1","1","2","3","0","1"
1684,"35","3","4","6","1","0","2","2","0","1"
1685,"48","4","4","4","0","1","1","4","0","1"
1686,"37","4","4","2","1","1","1","4","0","1"
1687,"24","3","3","2","1","0","3","2","0","1"
1688,"45","1","1","0","0","0","2","1","0","1"
1689,"36","1","4","2","1","1","2","2","0","1"
1690,"35","2","3","8","1","1","3","3","1","1"
1693,"24","2","3","2","1","1","3","1","0","1"
1695,"38","1","2","8","1","1","3","3","1","1"
1697,"28","3","3","5","1","1","3","3","0","1"
1698,"20","3","4","1","1","1","3","2","0","1"
1702,"27","3","4","0","1","0","3","3","0","1"
1703,"19","4","4","1","1","1","1","3","0","1"
1704,"38","1","3","4","1","0","2","2","0","1"
1705,"30","3","4","4","0","1","2","3","0","1"
1706,"44","1","2","2","1","1","3","1","0","1"
1707,"32","4","4","3","1","1","1","4","0","1"
1708,"22","3","4","2","1","1","3","3","0","1"
1710,"20","3","4","0","1","1","3","3","0","1"
1711,"24","4","4","4","1","1","1","4","0","1"
1712,"33","2","2","3","0","0","2","4","0","1"
1713,"38","3","3","4","0","0","3","2","1","1"
1714,"22","2","2","1","1","1","3","1","1","1"
1715,"41","1","3","3","1","0","2","4","0","1"
1717,"24","3","4","2","1","1","2","2","0","1"
1719,"31","3","4","2","1","1","1","4","0","1"
1720,"32","1","3","4","1","1","2","2","1","1"
1769,"45","1","3","10","1","1","3","4","0","1"
1770,"42","1","4","4","1","1","1","3","0","1"
1771,"40","2","4","8","1","1","3","3","0","1"
1772,"29","4","4","0","1","0","1","4","0","1"
1773,"31","4","4","2","1","1","3","2","0","1"
1775,"26","4","4","0","1","0","1","4","0","1"
1776,"31","4","4","0","1","0","1","4","0","1"
1777,"40","3","4","8","1","1","3","3","0","1"
1778,"34","4","4","1","0","0","2","3","0","1"
1780,"37","3","4","7","1","1","2","1","0","1"
1783,"29","2","3","1","1","1","1","1","0","1"
1784,"21","3","4","0","1","1","2","3","0","1"
1785,"28","4","4","0","0","0","1","4","0","1"
1787,"45","4","4","1","1","0","3","3","0","1"
1788,"44","3","4","1","1","1","1","3","0","1"
1789,"20","2","3","1","0","1","3","2","0","1"
1790,"43","1","3","2","1","0","2","2","1","1"
1791,"28","3","4","1","1","1","3","1","1","1"
1792,"47","4","4","1","1","0","1","3","0","1"
1794,"44","4","4","3","1","1","2","4","0","1"
1796,"35","4","4","2","1","0","2","4","0","1"
1797,"45","1","4","5","1","1","1","2","1","1"
1798,"34","4","4","4","1","1","2","3","0","1"
1799,"30","2","4","4","1","0","1","4","0","1"
1800,"45","2","4","2","1","0","2","4","0","1"
1801,"49","2","1","10","1","0","2","4","0","1"
1802,"34","4","4","2","1","0","1","4","0","1"
1804,"44","1","1","11","1","1","4","1","1","1"
1805,"36","3","4","6","1","1","2","4","0","1"
1807,"34","2","3","3","1","0","3","2","0","1"
1808,"40","3","3","1","0","1","3","4","0","1"
1809,"27","3","4","2","1","0","2","2","0","1"
1812,"47","1","4","8","1","1","3","3","0","1"
1813,"28","3","4","0","1","1","3","2","0","1"
1814,"21","3","4","0","1","0","3","1","0","1"
1815,"24","4","4","1","1","1","3","3","0","1"
1816,"40","3","3","4","1","1","2","2","0","1"
1817,"27","4","4","1","1","1","1","2","0","1"
1818,"46","3","2","11","1","0","2","2","1","1"
1819,"33","4","4","5","1","1","3","3","0","1"
1820,"44","1","2","7","1","1","3","4","0","1"
1821,"42","3","4","10","1","0","3","2","0","1"
1822,"47","2","1","5","0","1","2","4","0","1"
1823,"35","1","3","0","1","1","2","2","1","1"
1824,"24","4","4","1","1","1","2","2","0","1"
1825,"49","3","4","6","1","1","1","4","0","1"
1826,"47","4","4","2","1","1","1","4","0","1"
1827,"29","1","2","7","1","1","2","4","0","1"
1828,"24","2","4","2","1","1","3","4","0","1"
1829,"23","4","4","1","1","0","2","4","0","1"
1830,"47","3","4","3","1","1","2","3","0","1"
1831,"36","3","3","2","1","0","2","4","0","1"
1832,"25","1","4","2","1","0","3","3","1","1"
1834,"40","4","4","3","0","1","3","4","0","1"
1836,"49","4","4","4","1","1","3","4","0","1"
1837,"28","3","4","3","1","1","2","1","0","1"
1839,"25","2","2","3","1","1","3","3","0","1"
1840,"22","2","4","4","1","1","3","4","0","1"
1842,"38","3","3","5","1","1","1","4","0","1"
1843,"39","3","4","3","1","1","1","4","0","1"
1844,"40","3","3","3","1","1","2","2","1","1"
1846,"38","2","4","5","0","1","2","2","0","1"
1847,"33","4","4","5","1","1","3","4","0","1"
1848,"25","3","3","0","1","1","3","4","0","1"
1966,"41","3","2","11","1","1","2","3","0","1"
1968,"26","2","4","3","1","1","3","4","0","1"
1971,"32","2","3","1","1","1","3","3","0","1"
1972,"27","1","2","4","1","1","1","4","1","1"
1973,"43","3","4","10","1","1","3","3","0","1"
1974,"42","4","4","1","1","1","2","4","0","1"
1975,"28","3","4","1","0","1","2","2","0","1"
1976,"43","4","4","6","1","1","1","3","0","1"
1977,"34","3","4","4","1","1","1","3","0","1"
1978,"22","4","4","0","1","0","2","4","0","1"
1980,"46","1","4","8","1","1","1","4","1","1"
1981,"30","1","3","1","1","1","3","4","0","1"
1982,"47","1","4","7","1","1","2","3","0","1"
1986,"28","1","4","0","1","0","4","1","0","1"
1987,"38","1","2","6","1","1","2","1","1","1"
1988,"25","1","3","1","1","1","4","2","0","1"
1989,"22","4","4","0","1","1","2","1","1","1"
1990,"45","3","4","0","1","1","1","3","0","1"
1992,"18","3","4","1","1","1","3","3","0","1"
1993,"21","4","4","1","1","1","3","4","0","1"
1994,"42","4","4","3","1","0","1","4","0","1"
1995,"43","4","4","5","1","1","1","3","0","1"
1997,"47","2","3","12","1","1","3","1","0","1"
1998,"22","2","4","1","1","1","3","4","0","1"
1999,"33","4","4","3","0","0","1","3","0","1"
2003,"47","3","2","5","1","1","4","4","0","1"
2004,"48","3","4","8","1","1","3","3","0","1"
2005,"22","3","3","2","1","1","2","4","0","1"
2006,"29","3","4","1","0","1","2","3","0","1"
2007,"42","4","4","0","0","0","3","4","0","1"
2009,"47","4","4","1","1","1","1","4","0","1"
2010,"47","1","2","2","1","1","2","4","0","1"
2011,"46","4","4","6","1","1","1","4","0","1"
2063,"42","3","2","9","1","1","3","3","0","1"
2064,"21","3","3","1","1","0","3","2","0","1"
2065,"39","2","2","6","1","1","2","4","0","1"
2067,"48","4","4","5","1","1","1","4","0","1"
2068,"24","4","4","0","1","0","2","2","0","1"
2069,"43","1","2","8","1","1","2","4","0","1"
2070,"33","2","2","2","1","1","3","1","0","1"
2072,"43","1","2","8","1","0","3","1","0","1"
2073,"28","2","2","1","1","1","3","2","0","1"
2074,"27","2","4","1","1","0","1","3","0","1"
2075,"44","4","2","8","1","1","3","3","0","1"
2076,"47","2","3","4","1","1","2","3","0","1"
2077,"48","2","3","8","1","1","1","4","0","1"
2078,"21","3","4","1","1","1","2","3","0","1"
2079,"49","4","4","6","0","0","1","4","0","1"
2080,"33","4","4","2","1","1","1","4","0","1"
2081,"25","4","4","1","1","1","1","3","0","1"
2082,"38","2","2","1","1","0","3","2","0","1"
2083,"41","2","3","1","1","0","2","3","0","1"
2084,"27","2","3","5","1","1","2","1","0","1"
2085,"27","1","2","4","1","1","3","1","1","1"
2086,"27","2","4","3","1","0","3","2","0","1"
2088,"26","2","3","3","1","1","3","1","0","1"
2089,"32","3","3","7","1","0","2","3","0","1"
2090,"31","2","2","4","1","1","3","3","0","1"
2091,"37","4","4","1","1","1","1","4","0","1"
2092,"20","4","4","1","1","1","1","4","0","1"
2093,"30","4","4","0","0","0","3","3","0","1"
2094,"32","4","4","1","1","0","1","3","0","1"
2096,"47","1","1","7","1","1","2","3","1","1"
2097,"32","2","4","4","1","1","3","2","0","1"
2098,"22","2","2","2","1","1","3","1","0","1"
2099,"44","1","3","0","1","1","2","3","0","1"
2101,"47","4","4","4","1","1","1","4","0","1"
2102,"49","2","2","8","1","0","3","1","0","1"
2103,"24","3","3","2","1","1","3","3","0","1"
2104,"18","3","4","0","1","0","3","1","0","1"
2105,"22","2","4","0","1","1","3","3","0","1"
2108,"26","2","4","1","1","1","1","3","0","1"
2109,"20","3","3","1","1","1","2","3","0","1"
2110,"19","3","4","1","1","1","2","3","0","1"
2111,"41","1","4","4","1","1","3","3","0","1"
2112,"34","4","4","3","0","1","1","2","0","1"
2113,"48","1","3","4","1","1","3","3","1","1"
2116,"44","3","4","6","1","1","3","4","0","1"
2119,"36","4","4","4","1","1","1","4","0","1"
2120,"28","4","4","3","0","1","1","4","0","1"
2123,"42","3","3","8","1","1","4","3","0","1"
2124,"23","4","4","0","0","1","2","4","0","1"
2126,"19","2","2","2","1","1","3","1","0","1"
2127,"24","2","2","2","1","1","3","1","1","1"
2128,"27","2","2","1","1","0","3","2","1","1"
2129,"23","2","4","2","1","1","1","4","0","1"
2130,"18","3","4","1","1","1","3","1","0","1"
2131,"30","2","3","2","1","0","2","4","0","1"
2132,"29","3","2","0","1","1","2","2","0","1"
2135,"37","2","3","2","0","0","3","3","0","1"
2136,"38","2","4","5","1","1","3","3","0","1"
2137,"33","4","4","0","1","0","3","3","0","1"
2138,"29","4","4","0","1","0","2","4","0","1"
2139,"39","1","2","2","1","1","3","1","1","1"
2140,"40","2","2","8","1","1","2","2","0","1"
2142,"24","2","2","3","1","1","2","4","0","1"
2257,"25","4","4","0","1","0","3","4","0","1"
2258,"42","2","3","2","1","1","1","4","0","1"
2259,"22","4","4","0","1","1","3","2","0","1"
2260,"27","4","4","1","0","0","2","4","0","1"
2261,"40","2","2","8","1","1","1","3","0","1"
2262,"29","2","4","0","1","0","3","4","0","1"
2263,"31","4","4","3","1","0","2","3","0","1"
2264,"44","1","4","9","1","1","1","2","0","1"
2266,"27","3","4","2","1","1","1","3","0","1"
2267,"30","1","1","7","1","1","2","3","0","1"
2268,"45","2","3","11","1","1","2","3","0","1"
2269,"29","3","4","2","1","1","1","3","0","1"
2271,"30","4","4","4","1","1","2","4","0","1"
2272,"30","4","2","0","1","0","3","3","0","1"
2273,"45","2","4","8","1","1","2","3","0","1"
2276,"30","2","3","1","1","1","2","1","0","1"
2278,"26","4","4","0","1","1","3","4","0","1"
2279,"28","4","4","5","1","1","1","4","0","1"
2280,"38","2","2","6","1","1","3","4","0","1"
2281,"28","3","4","0","1","0","3","4","0","1"
2284,"37","3","4","4","1","0","2","4","0","1"
2285,"36","4","3","3","1","0","3","2","0","1"
2286,"20","4","4","0","0","0","2","4","0","1"
2288,"31","1","1","6","1","1","3","2","0","1"
2289,"46","1","2","7","1","1","3","1","1","1"
2290,"34","3","4","4","0","1","3","1","1","1"
2291,"16","2","4","1","1","1","3","4","0","1"
2292,"40","2","2","6","1","1","2","2","1","1"
2293,"21","2","3","0","1","1","3","4","0","1"
2295,"45","4","4","1","1","1","1","4","0","1"
2296,"28","4","4","5","1","0","3","4","0","1"
2298,"47","1","1","4","1","1","2","2","0","1"
2299,"33","3","3","3","1","1","3","4","0","1"
2300,"49","1","2","5","1","0","2","2","1","1"
2301,"21","2","4","3","1","1","3","2","0","1"
32,"49","3","4","5","1","1","1","4","0","0"
36,"33","2","3","1","1","1","3","4","0","0"
63,"39","3","4","6","1","1","1","4","0","0"
90,"33","3","3","6","1","1","3","4","0","0"
91,"46","4","3","5","1","1","1","4","0","0"
92,"37","3","4","3","1","1","1","3","0","0"
93,"39","4","4","4","1","1","1","4","0","0"
94,"26","1","1","2","1","1","3","4","0","0"
95,"32","4","4","4","1","1","2","4","0","0"
97,"32","4","4","2","0","0","1","4","0","0"
98,"33","2","2","6","1","0","3","4","0","0"
99,"23","4","4","1","1","1","3","4","0","0"
100,"25","3","3","1","1","1","3","1","0","0"
101,"31","4","4","1","1","1","1","4","0","0"
102,"39","4","4","4","1","0","1","4","0","0"
103,"24","1","4","1","1","0","4","2","1","0"
104,"35","3","3","4","1","1","3","2","0","0"
105,"40","4","4","6","0","0","1","4","0","0"
106,"40","2","3","6","1","1","1","2","0","0"
107,"33","4","4","4","1","1","1","4","0","0"
109,"35","4","4","5","1","0","1","3","0","0"
110,"32","4","4","2","1","0","1","4","0","0"
111,"33","3","4","5","0","1","3","3","0","0"
112,"25","3","1","4","1","1","3","1","0","0"
114,"28","4","4","2","1","0","1","3","0","0"
115,"35","4","4","4","0","1","3","3","0","0"
116,"47","4","4","4","1","0","1","4","0","0"
117,"28","4","4","4","1","1","1","3","0","0"
119,"38","4","4","3","1","0","1","4","0","0"
120,"49","3","3","11","1","1","1","4","0","0"
121,"43","3","4","5","1","1","3","2","1","0"
122,"34","3","4","2","0","1","2","3","0","0"
123,"35","4","4","3","1","1","2","3","0","0"
124,"24","4","4","1","1","1","1","4","0","0"
125,"17","4","4","1","1","1","2","4","0","0"
126,"42","4","4","5","1","1","1","4","0","0"
128,"37","4","4","4","0","0","2","4","0","0"
129,"35","2","2","6","1","1","3","4","0","0"
130,"37","4","4","4","1","1","1","4","0","0"
131,"41","4","4","6","0","1","1","4","0","0"
132,"47","1","1","8","1","1","3","4","1","0"
133,"41","4","4","4","1","0","1","4","0","0"
134,"29","3","3","4","1","1","3","4","0","0"
135,"24","4","4","1","1","0","1","4","0","0"
136,"27","2","4","1","1","1","1","4","0","0"
137,"27","3","3","1","1","0","3","3","0","0"
138,"25","2","3","1","1","1","3","1","0","0"
139,"43","4","4","3","1","1","1","4","0","0"
140,"35","4","4","2","1","1","2","4","0","0"
141,"29","1","4","3","1","1","4","4","1","0"
143,"35","2","3","6","1","0","3","3","0","0"
144,"34","3","4","4","1","1","1","3","0","0"
145,"33","3","3","8","1","1","3","4","0","0"
146,"27","2","4","4","1","1","2","1","0","0"
147,"29","3","3","1","1","1","3","3","0","0"
148,"19","4","4","1","1","1","1","3","0","0"
149,"22","4","4","1","1","1","2","3","0","0"
150,"27","4","4","2","1","1","1","4","0","0"
152,"30","3","3","7","1","1","3","4","0","0"
154,"19","2","4","1","1","1","2","3","0","0"
155,"34","2","4","7","1","1","2","3","0","0"
156,"31","2","3","7","1","1","3","3","0","0"
157,"23","4","4","2","1","1","3","4","0","0"
160,"28","4","4","1","1","1","1","3","0","0"
163,"38","4","4","5","1","1","2","3","0","0"
164,"26","4","4","3","1","1","3","4","0","0"
167,"24","3","3","3","1","0","2","1","0","0"
168,"37","4","4","3","1","1","2","4","0","0"
169,"35","1","2","6","1","1","2","2","1","0"
170,"25","3","3","3","1","1","3","2","0","0"
173,"26","2","3","2","1","1","2","3","0","0"
174,"34","1","4","4","1","1","3","4","1","0"
175,"25","3","3","1","1","1","2","1","0","0"
176,"28","2","3","3","1","1","3","4","0","0"
177,"20","4","3","1","1","1","3","4","0","0"
178,"26","1","2","3","1","0","3","2","0","0"
180,"28","3","3","4","1","1","3","3","0","0"
181,"23","3","2","1","1","1","3","3","0","0"
182,"22","2","4","1","1","1","3","3","0","0"
184,"47","4","3","4","1","1","1","3","0","0"
186,"24","2","3","5","1","1","3","3","0","0"
188,"26","4","4","2","1","0","1","4","0","0"
189,"19","4","4","1","1","1","3","2","0","0"
190,"32","1","2","6","0","1","2","3","0","0"
191,"36","4","4","3","0","1","3","4","0","0"
192,"37","3","4","4","0","1","2","4","0","0"
193,"21","3","3","1","1","1","3","2","0","0"
194,"37","2","3","5","1","1","4","2","0","0"
195,"26","3","4","4","1","1","2","4","0","0"
196,"21","3","3","2","1","1","2","3","0","0"
197,"20","2","2","1","1","1","3","2","0","0"
198,"40","2","3","5","1","1","3","3","0","0"
199,"30","4","4","2","1","1","1","4","0","0"
200,"38","4","4","3","0","0","3","3","1","0"
201,"45","4","4","3","1","1","1","4","0","0"
202,"33","4","4","2","1","1","2","4","0","0"
208,"47","2","2","4","1","1","3","1","0","0"
226,"34","2","4","6","1","0","3","4","0","0"
232,"36","3","3","3","0","0","2","3","1","0"
242,"26","2","4","2","1","1","1","4","0","0"
243,"27","4","4","3","1","1","1","3","0","0"
244,"34","4","4","4","1","1","2","4","0","0"
245,"29","4","4","3","1","1","1","4","0","0"
246,"21","4","4","1","1","1","1","4","0","0"
247,"24","4","4","1","1","1","2","4","0","0"
251,"33","4","4","2","0","0","1","3","0","0"
252,"41","4","4","4","0","0","2","4","0","0"
253,"36","4","4","3","1","1","3","3","0","0"
255,"28","3","4","2","0","1","2","3","0","0"
257,"38","4","4","4","1","1","2","4","0","0"
258,"36","3","3","4","1","1","1","3","0","0"
259,"37","4","4","4","0","1","2","4","0","0"
260,"34","4","4","2","0","0","3","2","0","0"
261,"41","4","4","4","0","1","1","4","0","0"
262,"36","4","4","3","1","1","1","4","0","0"
263,"17","3","4","1","1","1","3","3","0","0"
264,"24","4","4","2","1","1","3","3","0","0"
265,"24","2","4","3","1","1","3","3","0","0"
266,"44","4","4","4","0","1","2","3","0","0"
269,"21","3","2","1","1","1","3","1","1","0"
270,"25","2","4","2","1","1","2","4","0","0"
271,"24","3","4","4","1","1","3","1","0","0"
272,"25","4","4","2","1","1","1","2","0","0"
274,"32","3","3","4","1","1","2","1","0","0"
275,"36","4","4","3","1","1","1","4","0","0"
276,"25","3","4","2","1","0","2","4","0","0"
277,"31","4","4","2","0","1","1","4","0","0"
280,"25","4","4","2","1","1","2","3","0","0"
282,"23","4","3","2","1","0","2","3","0","0"
283,"36","3","4","9","1","1","3","4","0","0"
284,"28","4","3","2","1","1","3","2","0","0"
285,"47","4","4","5","1","1","3","2","0","0"
286,"44","4","4","5","1","1","3","4","0","0"
287,"32","2","4","5","1","1","3","4","0","0"
288,"24","4","4","1","1","1","1","3","0","0"
289,"30","2","3","5","1","0","3","4","0","0"
291,"36","4","4","3","0","1","3","4","0","0"
292,"35","2","3","5","1","1","3","3","0","0"
293,"37","2","4","4","1","0","2","3","0","0"
294,"40","2","2","4","0","0","2","4","0","0"
295,"17","3","3","1","1","1","2","4","0","0"
301,"48","1","1","7","1","1","2","4","0","0"
302,"37","2","2","8","1","1","2","3","0","0"
349,"20","2","3","1","1","1","2","4","0","0"
361,"23","4","4","2","1","0","3","3","0","0"
371,"17","2","3","1","1","1","3","2","0","0"
379,"32","4","4","2","1","1","1","4","0","0"
380,"38","4","4","4","0","0","1","2","0","0"
381,"37","4","4","2","1","0","3","3","0","0"
382,"30","2","4","1","1","0","3","4","0","0"
383,"35","4","4","5","0","0","1","4","0","0"
384,"36","4","4","3","1","1","1","4","0","0"
385,"38","4","4","2","1","1","1","4","0","0"
386,"42","2","4","8","1","1","1","4","0","0"
387,"31","4","4","3","0","0","4","4","0","0"
388,"36","4","4","4","0","0","1","4","0","0"
389,"34","4","4","3","1","1","1","4","0","0"
391,"19","4","4","1","1","1","2","3","0","0"
392,"31","3","3","2","1","0","3","3","0","0"
393,"38","4","4","6","1","0","3","3","0","0"
394,"23","4","3","3","1","1","3","3","0","0"
395,"25","4","4","2","1","1","2","4","0","0"
396,"48","4","4","4","0","1","1","4","0","0"
397,"37","2","3","7","1","1","3","4","0","0"
398,"32","4","4","3","0","1","3","3","0","0"
399,"36","4","4","4","0","1","2","4","0","0"
400,"38","4","4","5","1","1","1","3","0","0"
401,"26","3","3","2","1","1","3","2","0","0"
402,"47","2","2","7","1","1","2","4","0","0"
403,"47","4","4","6","1","0","1","4","0","0"
405,"36","3","4","7","1","1","2","2","0","0"
406,"41","4","4","4","1","1","1","4","0","0"
409,"47","1","1","10","1","1","3","3","0","0"
410,"25","2","3","1","1","0","4","4","0","0"
411,"39","4","4","3","1","1","1","4","0","0"
412,"29","4","4","2","1","1","3","4","0","0"
413,"35","3","4","3","1","1","2","2","0","0"
414,"27","4","4","2","1","0","1","3","0","0"
415,"33","3","4","3","0","1","2","4","0","0"
417,"35","4","4","3","0","0","3","4","0","0"
418,"46","4","4","3","0","0","1","4","0","0"
419,"31","4","4","3","0","1","2","4","0","0"
420,"39","4","4","5","1","1","1","4","0","0"
421,"45","4","4","4","1","1","1","4","0","0"
422,"27","2","2","5","1","1","3","1","0","0"
423,"36","4","4","2","1","0","1","4","0","0"
424,"28","1","2","4","1","1","2","3","0","0"
425,"30","2","2","4","1","1","2","1","0","0"
426,"35","4","4","4","1","1","1","4","0","0"
427,"41","4","4","1","1","1","3","3","0","0"
428,"29","2","4","3","1","1","3","3","0","0"
430,"25","4","4","3","1","1","1","4","0","0"
431,"32","2","3","4","1","1","3","2","0","0"
432,"26","4","4","4","1","1","3","4","0","0"
434,"34","2","4","4","1","1","3","3","0","0"
435,"41","4","4","5","1","1","1","4","0","0"
436,"24","4","4","1","1","1","1","3","0","0"
437,"22","4","4","1","1","1","3","3","0","0"
440,"27","2","2","5","1","1","3","3","0","0"
444,"35","3","4","4","1","1","1","4","0","0"
445,"24","4","4","2","1","1","1","4","0","0"
446,"24","2","3","2","1","1","2","1","0","0"
447,"35","4","4","6","1","1","1","4","0","0"
448,"22","3","4","3","1","1","2","3","0","0"
449,"30","3","4","4","1","1","3","3","0","0"
450,"34","4","4","3","1","1","1","4","0","0"
451,"20","4","4","2","1","1","1","3","0","0"
452,"39","4","3","4","1","1","3","4","0","0"
453,"25","4","4","2","1","1","1","3","0","0"
454,"27","3","3","3","1","1","2","2","0","0"
455,"30","3","4","3","1","1","2","3","0","0"
456,"34","4","4","2","1","1","1","4","0","0"
458,"23","2","3","2","1","1","3","1","0","0"
459,"25","2","4","3","1","1","3","2","0","0"
460,"30","1","3","4","1","1","3","4","0","0"
461,"28","3","4","2","1","1","2","3","0","0"
462,"21","3","4","2","1","1","3","3","0","0"
463,"41","1","4","9","1","1","2","1","0","0"
464,"27","4","4","3","1","1","3","4","1","0"
465,"23","4","4","2","1","0","2","4","0","0"
466,"24","3","4","1","1","1","3","4","0","0"
467,"33","2","2","2","1","1","3","4","0","0"
468,"41","4","4","8","1","1","1","4","0","0"
469,"29","3","3","4","1","1","3","4","0","0"
470,"26","3","4","3","1","1","3","3","0","0"
471,"29","2","4","2","1","1","3","2","0","0"
472,"23","1","2","3","1","1","3","2","1","0"
473,"28","3","4","5","1","1","2","4","0","0"
474,"26","2","3","2","1","1","3","3","0","0"
476,"33","4","4","4","1","1","2","3","0","0"
477,"30","4","4","2","0","0","3","3","0","0"
478,"22","1","3","2","1","1","3","2","0","0"
479,"31","3","3","3","1","1","3","1","1","0"
480,"36","4","4","3","0","0","2","4","0","0"
481,"30","4","4","2","1","1","4","3","0","0"
482,"35","1","2","5","1","1","2","2","1","0"
483,"29","2","3","4","1","1","3","2","0","0"
484,"46","4","4","4","0","1","1","4","0","0"
486,"27","2","4","4","1","1","3","4","0","0"
487,"17","2","2","0","1","0","3","2","0","0"
488,"35","1","2","4","1","0","4","4","0","0"
489,"32","4","4","3","1","0","1","4","0","0"
490,"22","2","2","3","1","0","3","3","0","0"
491,"31","4","4","3","1","1","1","4","0","0"
492,"29","4","4","3","1","1","3","4","0","0"
493,"29","2","3","3","1","0","3","2","0","0"
494,"31","4","4","3","1","1","4","4","0","0"
495,"26","3","2","5","1","1","2","2","0","0"
496,"21","2","1","3","1","0","3","1","1","0"
497,"25","2","3","4","1","0","3","2","0","0"
498,"36","2","4","11","1","1","1","4","1","0"
499,"46","1","2","9","1","0","3","4","1","0"
518,"20","3","4","2","1","1","3","3","0","0"
540,"47","2","3","5","1","1","1","1","0","0"
543,"35","4","4","3","1","1","1","4","0","0"
544,"21","4","4","1","1","1","1","3","0","0"
545,"45","4","4","3","1","1","1","4","0","0"
546,"26","3","4","3","1","1","2","3","0","0"
547,"38","2","3","4","1","1","1","2","0","0"
548,"34","3","4","3","0","1","1","4","0","0"
549,"21","3","4","3","1","1","1","4","0","0"
550,"29","3","4","3","1","1","1","3","0","0"
553,"30","2","3","5","1","1","3","1","1","0"
554,"43","3","3","6","1","0","3","2","0","0"
557,"27","4","4","1","1","1","1","4","0","0"
558,"41","3","4","3","0","1","2","4","0","0"
559,"31","2","2","4","1","1","4","3","1","0"
560,"27","4","4","2","1","1","1","3","0","0"
561,"48","4","4","3","0","1","1","4","0","0"
562,"25","3","1","2","1","0","3","4","0","0"
564,"34","4","4","4","1","0","3","3","0","0"
565,"34","4","4","3","1","0","3","4","0","0"
566,"31","2","2","4","1","1","3","3","0","0"
567,"46","3","4","4","1","0","3","4","0","0"
568,"37","3","3","6","1","1","3","3","0","0"
569,"16","2","3","1","1","1","3","1","0","0"
570,"26","4","4","2","1","1","3","3","0","0"
571,"29","3","3","2","1","1","3","2","0","0"
572,"22","4","4","1","1","1","2","4","0","0"
573,"30","3","3","4","1","0","3","2","0","0"
574,"44","4","4","5","1","0","1","4","0","0"
576,"26","3","4","2","1","0","2","4","0","0"
577,"33","4","4","3","0","0","2","4","0","0"
578,"18","3","3","1","1","1","2","2","0","0"
579,"36","1","1","5","1","1","3","3","0","0"
580,"36","4","4","3","1","1","2","4","0","0"
581,"34","2","3","3","0","1","3","2","1","0"
582,"22","2","4","2","1","1","3","2","0","0"
584,"41","4","3","5","1","0","3","4","0","0"
585,"32","3","4","5","0","1","1","4","0","0"
586,"28","4","4","1","0","0","2","4","0","0"
587,"27","2","2","3","1","1","2","2","1","0"
588,"22","4","3","1","1","1","2","2","0","0"
589,"27","4","4","4","1","1","1","2","1","0"
590,"30","1","3","2","1","1","3","4","0","0"
603,"30","2","3","3","1","1","3","1","0","0"
625,"19","3","3","2","1","1","3","2","0","0"
663,"34","2","3","7","1","0","3","3","0","0"
671,"25","2","4","6","1","1","3","4","0","0"
672,"30","4","4","2","0","0","1","4","0","0"
673,"30","2","4","3","1","1","3","4","0","0"
674,"25","3","4","3","1","1","2","3","0","0"
675,"45","4","4","7","1","1","1","4","0","0"
676,"48","4","3","7","1","0","2","4","0","0"
677,"49","4","4","10","1","1","1","4","0","0"
678,"26","2","4","2","1","1","1","3","0","0"
679,"46","4","4","4","1","1","1","4","0","0"
680,"36","4","4","3","1","1","1","4","0","0"
683,"40","4","4","4","1","1","1","3","0","0"
684,"39","4","4","5","1","1","2","4","0","0"
685,"31","4","4","3","1","1","1","4","0","0"
687,"44","4","4","5","1","0","1","4","0","0"
688,"35","4","4","2","1","0","1","4","0","0"
689,"30","4","1","4","1","1","3","3","0","0"
690,"33","4","4","3","1","1","3","4","0","0"
691,"35","3","3","6","1","1","2","3","0","0"
692,"36","3","2","6","1","1","3","2","0","0"
693,"24","2","4","2","1","1","3","3","0","0"
694,"27","4","4","3","1","1","1","4","0","0"
695,"27","3","3","1","1","0","3","4","0","0"
696,"38","4","4","6","1","1","3","3","0","0"
697,"44","4","4","7","1","1","2","4","0","0"
698,"33","4","4","3","1","1","3","3","0","0"
699,"42","3","3","4","1","1","2","4","0","0"
701,"36","3","4","4","0","0","2","4","0","0"
702,"32","4","4","4","0","0","2","4","0","0"
703,"43","4","4","6","1","1","1","4","0","0"
704,"42","4","4","3","1","0","1","4","0","0"
706,"44","4","4","5","1","1","1","4","0","0"
707,"40","4","4","6","1","1","1","3","0","0"
708,"44","4","4","3","1","1","1","4","0","0"
709,"45","4","4","3","0","1","2","4","0","0"
710,"40","3","4","2","0","1","3","4","0","0"
712,"30","3","4","7","1","1","2","4","0","0"
713,"34","4","4","6","1","1","3","4","0","0"
714,"30","3","3","2","1","1","2","3","0","0"
715,"41","4","4","7","1","1","2","4","0","0"
716,"32","4","4","2","0","0","2","4","0","0"
717,"44","4","4","4","1","1","1","4","0","0"
718,"25","2","4","3","1","1","1","4","1","0"
719,"17","2","2","1","1","1","3","2","0","0"
720,"30","2","2","4","1","1","2","4","0","0"
721,"48","4","4","16","1","1","1","4","0","0"
722,"33","2","4","3","1","1","2","4","0","0"
724,"40","4","4","2","0","0","1","4","0","0"
725,"33","3","3","3","1","1","3","3","0","0"
726,"26","2","4","3","1","1","3","4","0","0"
727,"42","4","4","7","1","1","2","4","0","0"
728,"21","4","4","1","1","1","2","3","0","0"
729,"32","4","4","3","1","1","1","4","0","0"
730,"21","2","3","1","1","0","3","2","0","0"
732,"25","1","2","2","1","1","2","1","0","0"
733,"32","4","4","2","0","0","1","4","0","0"
734,"23","3","4","1","1","1","2","3","0","0"
735,"27","2","4","1","1","1","3","3","0","0"
736,"26","3","4","4","1","1","2","3","0","0"
737,"44","4","4","11","1","1","1","4","0","0"
738,"24","2","4","2","1","1","1","4","0","0"
739,"33","3","4","4","1","1","3","3","0","0"
740,"25","4","4","1","0","1","1","4","0","0"
741,"39","4","4","2","0","1","1","3","0","0"
742,"32","4","4","2","1","0","3","4","0","0"
746,"31","3","4","5","1","1","3","1","0","0"
747,"44","3","4","5","1","0","1","4","0","0"
748,"19","4","4","2","1","1","1","4","0","0"
749,"40","3","4","6","1","1","1","3","0","0"
750,"31","1","1","3","1","1","4","2","1","0"
751,"30","3","3","3","1","1","3","1","0","0"
752,"29","2","3","5","1","1","2","4","0","0"
753,"21","3","3","1","1","1","3","3","0","0"
756,"32","2","3","4","1","0","2","2","0","0"
757,"25","2","3","2","1","1","2","4","0","0"
758,"38","2","3","3","1","1","2","4","0","0"
760,"29","3","4","3","1","1","3","2","0","0"
761,"38","3","4","7","1","1","3","2","0","0"
762,"32","1","4","4","1","1","3","2","0","0"
763,"29","4","4","3","1","0","1","4","0","0"
764,"27","4","4","2","1","1","3","4","0","0"
765,"35","3","4","5","1","1","1","4","0","0"
766,"22","3","4","1","0","0","1","4","0","0"
767,"28","3","3","2","0","1","2","3","0","0"
768,"30","4","4","3","0","0","2","4","0","0"
769,"33","3","4","6","1","1","3","2","0","0"
770,"35","4","3","2","0","1","3","4","0","0"
771,"25","1","2","3","1","1","2","3","0","0"
774,"26","4","4","2","1","0","3","3","0","0"
775,"35","4","4","3","0","1","3","4","0","0"
777,"23","2","3","2","1","0","3","2","0","0"
778,"32","3","4","4","1","1","3","2","0","0"
780,"35","3","2","9","1","0","3","4","0","0"
782,"31","4","4","1","1","1","1","4","0","0"
783,"22","1","2","2","1","1","3","4","0","0"
785,"35","4","4","4","0","0","1","4","0","0"
786,"25","2","3","5","1","1","2","3","0","0"
823,"25","3","3","1","1","0","2","4","0","0"
834,"32","4","4","4","1","1","1","2","0","0"
835,"26","3","4","2","1","1","3","3","0","0"
836,"29","3","4","2","1","1","1","4","0","0"
837,"25","4","4","1","1","0","1","4","0","0"
838,"37","4","4","4","1","1","1","4","0","0"
839,"35","2","4","4","0","1","3","2","0","0"
841,"23","4","4","1","1","1","3","3","0","0"
843,"22","3","3","2","1","1","3","3","0","0"
845,"32","4","4","2","1","0","3","4","0","0"
846,"40","4","4","5","1","1","1","3","0","0"
847,"42","4","4","3","1","0","1","4","0","0"
848,"33","3","4","2","1","1","1","4","0","0"
849,"38","4","4","3","0","0","2","4","0","0"
850,"42","2","4","5","0","1","2","3","0","0"
852,"32","3","2","5","1","1","3","3","0","0"
853,"24","4","4","2","1","0","3","3","0","0"
854,"38","4","3","9","1","1","3","3","0","0"
855,"35","2","2","6","1","0","2","2","1","0"
856,"37","2","3","9","1","1","3","3","0","0"
857,"24","4","4","1","1","1","1","4","0","0"
858,"30","2","3","3","1","1","3","3","0","0"
859,"28","2","3","3","1","1","2","4","0","0"
860,"33","3","3","4","1","0","2","3","0","0"
861,"37","4","4","1","0","1","1","4","0","0"
865,"35","1","2","5","1","1","3","3","0","0"
867,"30","3","2","3","1","1","3","3","0","0"
868,"28","2","4","7","1","1","3","3","0","0"
869,"25","3","4","2","1","1","3","3","0","0"
870,"22","3","3","3","1","1","3","3","0","0"
872,"26","4","4","1","0","0","2","4","0","0"
873,"42","4","4","5","0","1","2","4","0","0"
875,"27","4","4","1","1","1","1","4","0","0"
876,"21","2","2","0","0","1","4","4","0","0"
877,"22","4","4","2","1","1","3","4","0","0"
878,"45","2","3","3","0","0","2","4","0","0"
880,"26","3","2","4","1","1","3","4","0","0"
881,"31","3","4","5","1","1","1","4","0","0"
882,"27","3","3","5","1","1","2","4","0","0"
883,"37","4","4","5","0","0","2","4","0","0"
884,"33","3","3","4","1","0","2","2","0","0"
928,"48","1","3","5","1","1","3","2","0","0"
939,"43","2","3","6","1","0","3","3","0","0"
940,"22","4","4","0","1","0","1","4","0","0"
944,"25","4","4","0","1","0","2","4","0","0"
963,"43","1","2","1","1","1","3","4","1","0"
965,"44","2","4","4","1","1","3","3","0","0"
966,"23","4","4","1","1","1","1","2","0","0"
967,"28","2","1","2","1","0","3","3","0","0"
970,"34","4","4","2","1","1","1","4","0","0"
971,"27","3","3","1","0","0","2","4","0","0"
972,"34","4","4","4","1","1","3","3","0","0"
973,"47","4","4","8","1","1","1","4","0","0"
976,"35","1","3","7","1","0","2","3","1","0"
977,"24","4","4","1","1","1","3","2","0","0"
979,"29","4","4","1","1","0","2","4","0","0"
980,"36","2","1","6","1","1","2","1","0","0"
981,"29","4","4","2","1","1","1","4","0","0"
982,"23","3","3","2","1","0","3","4","0","0"
983,"36","4","4","3","1","0","2","4","0","0"
984,"43","2","4","13","1","1","2","3","0","0"
986,"22","3","4","1","1","1","4","4","0","0"
987,"33","2","3","5","1","0","2","1","0","0"
988,"29","4","4","2","1","0","1","3","0","0"
990,"26","4","4","1","1","0","1","3","0","0"
991,"29","4","4","3","1","0","3","3","0","0"
993,"30","3","4","2","1","1","1","4","0","0"
995,"24","4","4","2","1","0","1","3","0","0"
996,"28","4","4","2","1","1","1","3","0","0"
997,"32","3","4","5","1","1","1","2","0","0"
998,"44","4","4","4","1","1","1","4","0","0"
999,"33","4","4","5","1","1","2","4","0","0"
1000,"35","2","4","3","0","0","3","4","1","0"
1002,"38","4","4","6","1","1","1","4","0","0"
1003,"39","4","4","4","0","1","1","4","0","0"
1006,"27","3","2","5","1","1","2","4","0","0"
1008,"30","2","2","6","1","1","3","1","0","0"
1009,"21","3","3","1","1","1","3","3","0","0"
1010,"29","2","4","3","1","0","3","3","0","0"
1012,"20","3","4","2","1","1","1","3","0","0"
1013,"30","4","4","1","1","1","1","4","0","0"
1014,"33","3","4","8","1","1","3","4","0","0"
1015,"20","3","3","2","1","1","2","4","0","0"
1016,"45","1","3","3","1","1","3","2","0","0"
1017,"49","4","3","13","1","1","1","4","0","0"
1019,"23","4","3","1","1","1","2","2","0","0"
1020,"36","4","4","4","0","1","1","4","0","0"
1021,"36","2","3","7","1","1","3","3","0","0"
1022,"29","2","3","4","1","1","2","1","0","0"
1023,"20","2","3","1","1","1","2","1","0","0"
1024,"27","3","3","3","1","1","2","3","0","0"
1025,"31","3","3","3","1","1","2","1","1","0"
1026,"32","4","4","3","0","1","1","4","0","0"
1027,"32","4","4","3","0","1","1","4","0","0"
1028,"25","4","4","1","0","1","3","3","0","0"
1029,"30","4","4","2","1","0","2","2","0","0"
1030,"34","4","4","2","1","1","3","3","0","0"
1031,"26","3","3","3","1","1","3","3","0","0"
1032,"27","3","4","4","1","1","3","3","0","0"
1033,"48","3","4","8","1","0","1","4","0","0"
1034,"37","4","4","3","1","1","2","4","0","0"
1035,"40","4","4","4","1","1","1","4","0","0"
1036,"28","4","4","5","1","1","2","4","0","0"
1037,"27","4","4","1","0","0","1","3","0","0"
1040,"35","4","4","2","1","0","1","4","0","0"
1041,"25","2","3","4","1","1","3","3","0","0"
1042,"23","3","3","1","1","1","2","2","0","0"
1043,"19","3","3","1","1","1","2","1","0","0"
1044,"17","3","4","1","1","1","2","1","0","0"
1045,"25","2","4","3","1","1","3","3","0","0"
1046,"24","3","3","1","1","1","3","2","0","0"
1048,"26","3","4","2","1","1","1","3","0","0"
1049,"25","3","3","3","1","1","3","3","0","0"
1050,"37","2","4","3","1","1","2","3","0","0"
1051,"32","4","3","3","1","1","2","4","0","0"
1053,"29","3","3","6","1","1","3","3","0","0"
1056,"42","4","4","5","1","1","1","4","0","0"
1058,"43","4","4","5","1","1","1","4","0","0"
1059,"21","3","3","1","1","1","2","2","0","0"
1060,"22","4","4","1","0","1","3","1","0","0"
1062,"28","4","4","2","1","1","1","4","0","0"
1064,"41","4","4","5","1","1","1","4","0","0"
1066,"32","3","4","5","0","1","3","4","0","0"
1068,"28","4","4","3","0","0","3","4","0","0"
1069,"25","2","2","1","1","1","3","3","0","0"
1070,"39","1","2","2","1","0","2","4","0","0"
1071,"41","3","3","7","0","1","2","4","0","0"
1072,"36","2","4","8","1","1","1","4","0","0"
1073,"32","4","4","4","1","0","1","4","0","0"
1074,"30","3","3","4","1","0","2","2","0","0"
1076,"36","4","4","3","0","1","2","4","0","0"
1078,"25","4","4","1","1","1","1","4","0","0"
1119,"24","2","2","4","1","1","3","4","0","0"
1124,"42","4","4","4","1","1","3","4","0","0"
1127,"45","2","2","9","1","1","3","3","0","0"
1128,"27","3","3","2","1","1","3","4","0","0"
1129,"28","4","4","2","0","1","1","4","0","0"
1131,"32","3","3","4","1","0","3","3","0","0"
1132,"23","3","1","1","1","0","3","3","0","0"
1133,"38","3","4","7","0","1","2","3","0","0"
1135,"37","4","4","7","1","1","1","4","0","0"
1136,"47","4","4","4","0","1","2","4","0","0"
1138,"32","4","4","4","1","1","2","3","0","0"
1139,"45","4","4","3","1","1","1","4","0","0"
1140,"35","1","2","9","1","0","3","1","0","0"
1141,"44","3","4","6","1","1","3","2","0","0"
1142,"28","3","4","2","0","1","3","3","0","0"
1143,"23","4","4","1","1","0","3","4","0","0"
1144,"33","4","4","3","0","1","2","4","0","0"
1145,"42","4","4","4","0","0","2","4","0","0"
1147,"44","2","3","1","0","1","2","4","0","0"
1148,"30","2","3","7","1","1","3","3","0","0"
1149,"24","1","2","3","1","1","3","2","0","0"
1150,"29","2","3","3","1","1","3","3","0","0"
1151,"31","4","4","5","1","0","1","4","0","0"
1153,"43","4","4","2","1","1","1","4","0","0"
1154,"30","3","4","3","0","1","3","3","0","0"
1156,"25","4","4","2","1","1","3","3","0","0"
1158,"30","4","4","1","1","0","3","2","0","0"
1159,"36","2","2","7","1","0","2","2","1","0"
1160,"28","4","4","1","1","1","2","4","0","0"
1161,"30","2","2","2","1","1","3","2","0","0"
1162,"35","2","3","6","1","0","3","2","0","0"
1164,"30","3","4","3","1","1","3","3","0","0"
1165,"37","2","4","5","1","1","1","4","0","0"
1166,"21","4","4","2","1","1","3","3","0","0"
1167,"37","2","3","6","1","1","3","4","0","0"
1169,"34","2","4","6","1","1","3","3","0","0"
1172,"28","1","3","5","1","1","3","4","0","0"
1173,"21","4","4","1","0","1","2","4","0","0"
1174,"25","2","4","3","1","1","1","3","0","0"
1175,"42","2","4","6","1","1","2","4","0","0"
1176,"29","4","4","3","1","1","1","4","0","0"
1177,"33","4","4","2","1","0","2","4","0","0"
1178,"33","4","4","3","1","1","1","4","0","0"
1210,"49","3","4","5","1","1","1","4","0","0"
1214,"33","2","3","1","1","1","3","4","0","0"
1241,"39","3","4","6","1","1","1","4","0","0"
1268,"33","3","3","6","1","1","3","4","0","0"
1269,"46","4","3","5","1","1","1","4","0","0"
1270,"37","3","4","3","1","1","1","3","0","0"
1271,"39","4","4","4","1","1","1","4","0","0"
1272,"26","1","1","2","1","1","3","4","0","0"
1273,"32","4","4","4","1","1","2","4","0","0"
1275,"32","4","4","2","0","0","1","4","0","0"
1276,"33","2","2","6","1","0","3","4","0","0"
1277,"23","4","4","1","1","1","3","4","0","0"
1278,"25","3","3","1","1","1","3","1","0","0"
1280,"39","4","4","4","1","0","1","4","0","0"
1281,"24","1","4","1","1","0","4","2","1","0"
1282,"35","3","3","4","1","1","3","2","0","0"
1283,"40","4","4","6","0","0","1","4","0","0"
1284,"40","2","3","6","1","1","1","2","0","0"
1286,"22","4","4","1","1","1","1","2","0","0"
1287,"35","4","4","5","1","0","1","3","0","0"
1289,"33","3","4","5","0","1","3","3","0","0"
1291,"45","3","3","8","1","1","2","3","0","0"
1292,"28","4","4","2","1","0","1","3","0","0"
1293,"35","4","4","4","0","1","3","3","0","0"
1294,"47","4","4","4","1","0","1","4","0","0"
1295,"28","4","4","4","1","1","1","3","0","0"
1296,"29","4","3","4","1","0","3","2","0","0"
1298,"49","3","3","11","1","1","1","4","0","0"
1299,"43","3","4","5","1","1","3","2","1","0"
1300,"34","3","4","2","0","1","2","3","0","0"
1301,"35","4","4","3","1","1","2","3","0","0"
1302,"24","4","4","1","1","1","1","4","0","0"
1303,"17","4","4","1","1","1","2","4","0","0"
1305,"31","4","2","2","0","1","1","3","0","0"
1306,"37","4","4","4","0","0","2","4","0","0"
1307,"35","2","2","6","1","1","3","4","0","0"
1308,"37","4","4","4","1","1","1","4","0","0"
1310,"47","1","1","8","1","1","3","4","1","0"
1311,"41","4","4","4","1","0","1","4","0","0"
1312,"29","3","3","4","1","1","3","4","0","0"
1313,"24","4","4","1","1","0","1","4","0","0"
1315,"27","3","3","1","1","0","3","3","0","0"
1316,"25","2","3","1","1","1","3","1","0","0"
1317,"43","4","4","3","1","1","1","4","0","0"
1318,"35","4","4","2","1","1","2","4","0","0"
1319,"29","1","4","3","1","1","4","4","1","0"
1320,"37","3","4","5","1","0","2","4","0","0"
1322,"34","3","4","4","1","1","1","3","0","0"
1325,"29","3","3","1","1","1","3","3","0","0"
1326,"19","4","4","1","1","1","1","3","0","0"
1327,"22","4","4","1","1","1","2","3","0","0"
1328,"27","4","4","2","1","1","1","4","0","0"
1329,"33","3","4","4","1","0","2","4","0","0"
1330,"30","3","3","7","1","1","3","4","0","0"
1332,"19","2","4","1","1","1","2","3","0","0"
1333,"34","2","4","7","1","1","2","3","0","0"
1334,"31","2","3","7","1","1","3","3","0","0"
1337,"48","3","4","3","1","1","2","3","0","0"
1338,"28","4","4","1","1","1","1","3","0","0"
1340,"28","2","2","5","1","0","2","4","0","0"
1341,"38","4","4","5","1","1","2","3","0","0"
1343,"38","4","4","6","1","1","2","4","0","0"
1344,"20","2","2","2","1","1","3","2","1","0"
1345,"24","3","3","3","1","0","2","1","0","0"
1346,"37","4","4","3","1","1","2","4","0","0"
1347,"35","1","2","6","1","1","2","2","1","0"
1348,"25","3","3","3","1","1","3","2","0","0"
1350,"19","4","4","1","1","1","2","4","0","0"
1351,"26","2","3","2","1","1","2","3","0","0"
1352,"34","1","4","4","1","1","3","4","1","0"
1357,"22","3","4","1","1","1","3","3","0","0"
1358,"28","3","3","4","1","1","3","3","0","0"
1359,"23","3","2","1","1","1","3","3","0","0"
1360,"22","2","4","1","1","1","3","3","0","0"
1361,"39","4","4","2","0","1","3","4","0","0"
1364,"24","2","3","5","1","1","3","3","0","0"
1366,"26","4","4","2","1","0","1","4","0","0"
1368,"32","1","2","6","0","1","2","3","0","0"
1369,"36","4","4","3","0","1","3","4","0","0"
1371,"21","3","3","1","1","1","3","2","0","0"
1373,"26","3","4","4","1","1","2","4","0","0"
1374,"21","3","3","2","1","1","2","3","0","0"
1375,"20","2","2","1","1","1","3","2","0","0"
1376,"40","2","3","5","1","1","3","3","0","0"
1378,"38","4","4","3","0","0","3","3","1","0"
1379,"45","4","4","3","1","1","1","4","0","0"
1380,"33","4","4","2","1","1","2","4","0","0"
1386,"47","2","2","4","1","1","3","1","0","0"
1403,"42","3","3","5","1","1","2","2","0","0"
1404,"34","2","4","6","1","0","3","4","0","0"
1410,"36","3","3","3","0","0","2","3","1","0"
1418,"42","4","4","6","1","1","1","3","0","0"
1419,"40","4","4","4","1","1","1","4","0","0"
1420,"26","2","4","2","1","1","1","4","0","0"
1421,"27","4","4","3","1","1","1","3","0","0"
1422,"34","4","4","4","1","1","2","4","0","0"
1424,"21","4","4","1","1","1","1","4","0","0"
1425,"24","4","4","1","1","1","2","4","0","0"
1426,"27","4","4","1","1","0","3","3","0","0"
1427,"34","3","4","4","1","1","3","3","0","0"
1429,"33","4","4","2","0","0","1","3","0","0"
1430,"41","4","4","4","0","0","2","4","0","0"
1431,"36","4","4","3","1","1","3","3","0","0"
1432,"39","4","4","3","0","1","2","4","0","0"
1433,"28","3","4","2","0","1","2","3","0","0"
1435,"38","4","4","4","1","1","2","4","0","0"
1436,"36","3","3","4","1","1","1","3","0","0"
1437,"37","4","4","4","0","1","2","4","0","0"
1438,"34","4","4","2","0","0","3","2","0","0"
1439,"41","4","4","4","0","1","1","4","0","0"
1441,"17","3","4","1","1","1","3","3","0","0"
1443,"24","2","4","3","1","1","3","3","0","0"
1444,"44","4","4","4","0","1","2","3","0","0"
1445,"35","2","3","6","1","1","2","3","0","0"
1446,"25","4","4","3","1","1","3","3","0","0"
1448,"25","2","4","2","1","1","2","4","0","0"
1449,"24","3","4","4","1","1","3","1","0","0"
1450,"25","4","4","2","1","1","1","2","0","0"
1452,"32","3","3","4","1","1","2","1","0","0"
1453,"36","4","4","3","1","1","1","4","0","0"
1454,"25","3","4","2","1","0","2","4","0","0"
1455,"31","4","4","2","0","1","1","4","0","0"
1456,"22","3","3","2","1","1","3","1","0","0"
1457,"36","2","3","6","1","1","2","4","0","0"
1460,"23","4","3","2","1","0","2","3","0","0"
1461,"36","3","4","9","1","1","3","4","0","0"
1462,"28","4","3","2","1","1","3","2","0","0"
1463,"47","4","4","5","1","1","3","2","0","0"
1464,"44","4","4","5","1","1","3","4","0","0"
1466,"24","4","4","1","1","1","1","3","0","0"
1467,"30","2","3","5","1","0","3","4","0","0"
1468,"29","3","3","1","0","0","2","4","0","0"
1470,"35","2","3","5","1","1","3","3","0","0"
1471,"37","2","4","4","1","0","2","3","0","0"
1472,"40","2","2","4","0","0","2","4","0","0"
1473,"17","3","3","1","1","1","2","4","0","0"
1479,"48","1","1","7","1","1","2","4","0","0"
1489,"45","3","4","3","1","1","1","4","0","0"
1527,"20","2","3","1","1","1","2","4","0","0"
1549,"17","2","3","1","1","1","3","2","0","0"
1560,"30","2","4","1","1","0","3","4","0","0"
1561,"35","4","4","5","0","0","1","4","0","0"
1562,"36","4","4","3","1","1","1","4","0","0"
1563,"38","4","4","2","1","1","1","4","0","0"
1564,"42","2","4","8","1","1","1","4","0","0"
1566,"36","4","4","4","0","0","1","4","0","0"
1567,"34","4","4","3","1","1","1","4","0","0"
1568,"44","4","4","4","1","0","2","3","0","0"
1569,"19","4","4","1","1","1","2","3","0","0"
1570,"31","3","3","2","1","0","3","3","0","0"
1571,"38","4","4","6","1","0","3","3","0","0"
1572,"23","4","3","3","1","1","3","3","0","0"
1574,"48","4","4","4","0","1","1","4","0","0"
1575,"37","2","3","7","1","1","3","4","0","0"
1576,"32","4","4","3","0","1","3","3","0","0"
1577,"36","4","4","4","0","1","2","4","0","0"
1578,"38","4","4","5","1","1","1","3","0","0"
1579,"26","3","3","2","1","1","3","2","0","0"
1580,"47","2","2","7","1","1","2","4","0","0"
1581,"47","4","4","6","1","0","1","4","0","0"
1582,"43","3","4","2","1","0","2","4","0","0"
1583,"36","3","4","7","1","1","2","2","0","0"
1586,"37","4","4","5","1","1","3","4","0","0"
1587,"47","1","1","10","1","1","3","3","0","0"
1588,"25","2","3","1","1","0","4","4","0","0"
1590,"29","4","4","2","1","1","3","4","0","0"
1592,"27","4","4","2","1","0","1","3","0","0"
1593,"33","3","4","3","0","1","2","4","0","0"
1594,"45","3","3","6","0","1","2","4","0","0"
1596,"46","4","4","3","0","0","1","4","0","0"
1597,"31","4","4","3","0","1","2","4","0","0"
1598,"39","4","4","5","1","1","1","4","0","0"
1601,"36","4","4","2","1","0","1","4","0","0"
1602,"28","1","2","4","1","1","2","3","0","0"
1603,"30","2","2","4","1","1","2","1","0","0"
1604,"35","4","4","4","1","1","1","4","0","0"
1605,"41","4","4","1","1","1","3","3","0","0"
1606,"29","2","4","3","1","1","3","3","0","0"
1607,"29","1","2","5","1","0","1","2","0","0"
1609,"32","2","3","4","1","1","3","2","0","0"
1610,"26","4","4","4","1","1","3","4","0","0"
1613,"41","4","4","5","1","1","1","4","0","0"
1614,"24","4","4","1","1","1","1","3","0","0"
1615,"22","4","4","1","1","1","3","3","0","0"
1616,"24","2","2","2","1","1","3","4","0","0"
1617,"19","3","3","3","1","1","2","3","0","0"
1618,"27","2","2","5","1","1","3","3","0","0"
1619,"32","4","4","2","1","0","1","3","0","0"
1620,"29","1","3","5","1","1","3","3","0","0"
1621,"37","4","4","4","1","1","3","2","0","0"
1622,"35","3","4","4","1","1","1","4","0","0"
1623,"24","4","4","2","1","1","1","4","0","0"
1624,"24","2","3","2","1","1","2","1","0","0"
1625,"35","4","4","6","1","1","1","4","0","0"
1626,"22","3","4","3","1","1","2","3","0","0"
1628,"34","4","4","3","1","1","1","4","0","0"
1629,"20","4","4","2","1","1","1","3","0","0"
1630,"39","4","3","4","1","1","3","4","0","0"
1631,"25","4","4","2","1","1","1","3","0","0"
1632,"27","3","3","3","1","1","2","2","0","0"
1634,"34","4","4","2","1","1","1","4","0","0"
1636,"23","2","3","2","1","1","3","1","0","0"
1637,"25","2","4","3","1","1","3","2","0","0"
1638,"30","1","3","4","1","1","3","4","0","0"
1639,"28","3","4","2","1","1","2","3","0","0"
1640,"21","3","4","2","1","1","3","3","0","0"
1641,"41","1","4","9","1","1","2","1","0","0"
1642,"27","4","4","3","1","1","3","4","1","0"
1644,"24","3","4","1","1","1","3","4","0","0"
1648,"26","3","4","3","1","1","3","3","0","0"
1649,"29","2","4","2","1","1","3","2","0","0"
1650,"23","1","2","3","1","1","3","2","1","0"
1651,"28","3","4","5","1","1","2","4","0","0"
1653,"24","4","3","3","1","1","3","3","0","0"
1654,"33","4","4","4","1","1","2","3","0","0"
1655,"30","4","4","2","0","0","3","3","0","0"
1656,"22","1","3","2","1","1","3","2","0","0"
1657,"31","3","3","3","1","1","3","1","1","0"
1658,"36","4","4","3","0","0","2","4","0","0"
1660,"35","1","2","5","1","1","2","2","1","0"
1662,"46","4","4","4","0","1","1","4","0","0"
1663,"34","4","4","6","1","1","2","2","0","0"
1664,"27","2","4","4","1","1","3","4","0","0"
1665,"17","2","2","0","1","0","3","2","0","0"
1666,"35","1","2","4","1","0","4","4","0","0"
1667,"32","4","4","3","1","0","1","4","0","0"
1668,"22","2","2","3","1","0","3","3","0","0"
1669,"31","4","4","3","1","1","1","4","0","0"
1670,"29","4","4","3","1","1","3","4","0","0"
1671,"29","2","3","3","1","0","3","2","0","0"
1672,"31","4","4","3","1","1","4","4","0","0"
1673,"26","3","2","5","1","1","2","2","0","0"
1674,"21","2","1","3","1","0","3","1","1","0"
1676,"36","2","4","11","1","1","1","4","1","0"
1677,"46","1","2","9","1","0","3","4","1","0"
1696,"20","3","4","2","1","1","3","3","0","0"
1718,"47","2","3","5","1","1","1","1","0","0"
1721,"35","4","4","3","1","1","1","4","0","0"
1723,"45","4","4","3","1","1","1","4","0","0"
1724,"26","3","4","3","1","1","2","3","0","0"
1725,"38","2","3","4","1","1","1","2","0","0"
1726,"34","3","4","3","0","1","1","4","0","0"
1727,"21","3","4","3","1","1","1","4","0","0"
1731,"30","2","3","5","1","1","3","1","1","0"
1732,"43","3","3","6","1","0","3","2","0","0"
1733,"24","4","4","1","0","1","2","3","0","0"
1734,"32","2","1","5","1","0","2","2","0","0"
1735,"27","4","4","1","1","1","1","4","0","0"
1736,"41","3","4","3","0","1","2","4","0","0"
1737,"31","2","2","4","1","1","4","3","1","0"
1738,"27","4","4","2","1","1","1","3","0","0"
1739,"48","4","4","3","0","1","1","4","0","0"
1740,"25","3","1","2","1","0","3","4","0","0"
1741,"48","4","4","7","1","0","1","4","0","0"
1742,"34","4","4","4","1","0","3","3","0","0"
1743,"34","4","4","3","1","0","3","4","0","0"
1746,"37","3","3","6","1","1","3","3","0","0"
1748,"26","4","4","2","1","1","3","3","0","0"
1749,"29","3","3","2","1","1","3","2","0","0"
1751,"30","3","3","4","1","0","3","2","0","0"
1753,"33","4","4","2","1","0","1","4","0","0"
1754,"26","3","4","2","1","0","2","4","0","0"
1755,"33","4","4","3","0","0","2","4","0","0"
1756,"18","3","3","1","1","1","2","2","0","0"
1757,"36","1","1","5","1","1","3","3","0","0"
1758,"36","4","4","3","1","1","2","4","0","0"
1759,"34","2","3","3","0","1","3","2","1","0"
1760,"22","2","4","2","1","1","3","2","0","0"
1761,"21","3","4","3","1","1","3","1","0","0"
1762,"41","4","3","5","1","0","3","4","0","0"
1763,"32","3","4","5","0","1","1","4","0","0"
1764,"28","4","4","1","0","0","2","4","0","0"
1766,"22","4","3","1","1","1","2","2","0","0"
1767,"27","4","4","4","1","1","1","2","1","0"
1781,"30","2","3","3","1","1","3","1","0","0"
1803,"19","3","3","2","1","1","3","2","0","0"
1841,"34","2","3","7","1","0","3","3","0","0"
1849,"25","2","4","6","1","1","3","4","0","0"
1850,"30","4","4","2","0","0","1","4","0","0"
1851,"30","2","4","3","1","1","3","4","0","0"
1853,"45","4","4","7","1","1","1","4","0","0"
1854,"48","4","3","7","1","0","2","4","0","0"
1855,"49","4","4","10","1","1","1","4","0","0"
1856,"26","2","4","2","1","1","1","3","0","0"
1859,"37","4","4","3","1","1","1","4","0","0"
1860,"37","4","3","8","1","1","1","4","0","0"
1861,"40","4","4","4","1","1","1","3","0","0"
1862,"39","4","4","5","1","1","2","4","0","0"
1863,"31","4","4","3","1","1","1","4","0","0"
1864,"26","4","4","1","0","1","2","4","0","0"
1865,"44","4","4","5","1","0","1","4","0","0"
1866,"35","4","4","2","1","0","1","4","0","0"
1867,"30","4","1","4","1","1","3","3","0","0"
1868,"33","4","4","3","1","1","3","4","0","0"
1870,"36","3","2","6","1","1","3","2","0","0"
1871,"24","2","4","2","1","1","3","3","0","0"
1872,"27","4","4","3","1","1","1","4","0","0"
1873,"27","3","3","1","1","0","3","4","0","0"
1874,"38","4","4","6","1","1","3","3","0","0"
1875,"44","4","4","7","1","1","2","4","0","0"
1877,"42","3","3","4","1","1","2","4","0","0"
1878,"36","4","4","3","0","1","2","4","0","0"
1879,"36","3","4","4","0","0","2","4","0","0"
1881,"43","4","4","6","1","1","1","4","0","0"
1882,"42","4","4","3","1","0","1","4","0","0"
1883,"24","4","4","1","1","1","1","4","0","0"
1884,"44","4","4","5","1","1","1","4","0","0"
1885,"40","4","4","6","1","1","1","3","0","0"
1888,"40","3","4","2","0","1","3","4","0","0"
1890,"30","3","4","7","1","1","2","4","0","0"
1891,"34","4","4","6","1","1","3","4","0","0"
1893,"41","4","4","7","1","1","2","4","0","0"
1894,"32","4","4","2","0","0","2","4","0","0"
1895,"44","4","4","4","1","1","1","4","0","0"
1896,"25","2","4","3","1","1","1","4","1","0"
1897,"17","2","2","1","1","1","3","2","0","0"
1898,"30","2","2","4","1","1","2","4","0","0"
1899,"48","4","4","16","1","1","1","4","0","0"
1900,"33","2","4","3","1","1","2","4","0","0"
1901,"35","4","4","1","0","1","1","4","0","0"
1902,"40","4","4","2","0","0","1","4","0","0"
1903,"33","3","3","3","1","1","3","3","0","0"
1904,"26","2","4","3","1","1","3","4","0","0"
1907,"32","4","4","3","1","1","1","4","0","0"
1909,"32","4","4","4","1","1","1","3","0","0"
1910,"25","1","2","2","1","1","2","1","0","0"
1911,"32","4","4","2","0","0","1","4","0","0"
1912,"23","3","4","1","1","1","2","3","0","0"
1914,"26","3","4","4","1","1","2","3","0","0"
1915,"44","4","4","11","1","1","1","4","0","0"
1916,"24","2","4","2","1","1","1","4","0","0"
1917,"33","3","4","4","1","1","3","3","0","0"
1918,"25","4","4","1","0","1","1","4","0","0"
1919,"39","4","4","2","0","1","1","3","0","0"
1920,"32","4","4","2","1","0","3","4","0","0"
1922,"33","4","4","2","0","0","1","3","0","0"
1923,"36","4","4","4","1","1","1","4","0","0"
1924,"31","3","4","5","1","1","3","1","0","0"
1926,"19","4","4","2","1","1","1","4","0","0"
1927,"40","3","4","6","1","1","1","3","0","0"
1928,"31","1","1","3","1","1","4","2","1","0"
1929,"30","3","3","3","1","1","3","1","0","0"
1930,"29","2","3","5","1","1","2","4","0","0"
1931,"21","3","3","1","1","1","3","3","0","0"
1932,"37","4","4","6","1","0","3","4","0","0"
1933,"25","3","3","3","1","1","2","1","0","0"
1934,"32","2","3","4","1","0","2","2","0","0"
1935,"25","2","3","2","1","1","2","4","0","0"
1936,"38","2","3","3","1","1","2","4","0","0"
1937,"22","3","4","1","1","0","1","4","0","0"
1938,"29","3","4","3","1","1","3","2","0","0"
1939,"38","3","4","7","1","1","3","2","0","0"
1941,"29","4","4","3","1","0","1","4","0","0"
1942,"27","4","4","2","1","1","3","4","0","0"
1943,"35","3","4","5","1","1","1","4","0","0"
1944,"22","3","4","1","0","0","1","4","0","0"
1946,"30","4","4","3","0","0","2","4","0","0"
1947,"33","3","4","6","1","1","3","2","0","0"
1948,"35","4","3","2","0","1","3","4","0","0"
1949,"25","1","2","3","1","1","2","3","0","0"
1950,"28","4","4","4","1","1","2","3","0","0"
1951,"25","3","3","2","1","1","2","3","0","0"
1953,"35","4","4","3","0","1","3","4","0","0"
1954,"28","4","4","2","0","1","2","4","0","0"
1955,"23","2","3","2","1","0","3","2","0","0"
1956,"32","3","4","4","1","1","3","2","0","0"
1957,"31","3","4","4","1","0","3","3","0","0"
1958,"35","3","2","9","1","0","3","4","0","0"
1959,"20","3","4","1","0","1","2","4","0","0"
1960,"31","4","4","1","1","1","1","4","0","0"
1961,"22","1","2","2","1","1","3","4","0","0"
1962,"22","3","4","2","1","1","2","4","0","0"
1963,"35","4","4","4","0","0","1","4","0","0"
1964,"25","2","3","5","1","1","2","3","0","0"
1965,"28","3","4","3","1","1","1","4","0","0"
2001,"25","3","3","1","1","0","2","4","0","0"
2012,"32","4","4","4","1","1","1","2","0","0"
2013,"26","3","4","2","1","1","3","3","0","0"
2014,"29","3","4","2","1","1","1","4","0","0"
2015,"25","4","4","1","1","0","1","4","0","0"
2016,"37","4","4","4","1","1","1","4","0","0"
2017,"35","2","4","4","0","1","3","2","0","0"
2018,"37","4","4","3","1","1","3","4","0","0"
2021,"22","3","3","2","1","1","3","3","0","0"
2022,"26","3","4","3","1","1","1","4","0","0"
2024,"40","4","4","5","1","1","1","3","0","0"
2025,"42","4","4","3","1","0","1","4","0","0"
2026,"33","3","4","2","1","1","1","4","0","0"
2027,"38","4","4","3","0","0","2","4","0","0"
2028,"42","2","4","5","0","1","2","3","0","0"
2029,"34","1","2","5","1","1","3","4","0","0"
2030,"32","3","2","5","1","1","3","3","0","0"
2031,"24","4","4","2","1","0","3","3","0","0"
2032,"38","4","3","9","1","1","3","3","0","0"
2033,"35","2","2","6","1","0","2","2","1","0"
2035,"24","4","4","1","1","1","1","4","0","0"
2036,"30","2","3","3","1","1","3","3","0","0"
2037,"28","2","3","3","1","1","2","4","0","0"
2038,"33","3","3","4","1","0","2","3","0","0"
2039,"37","4","4","1","0","1","1","4","0","0"
2042,"33","4","4","5","1","1","3","3","0","0"
2043,"35","1","2","5","1","1","3","3","0","0"
2044,"20","3","3","2","1","1","2","2","1","0"
2045,"30","3","2","3","1","1","3","3","0","0"
2047,"25","3","4","2","1","1","3","3","0","0"
2051,"42","4","4","5","0","1","2","4","0","0"
2052,"37","4","4","6","1","1","1","4","0","0"
2055,"22","4","4","2","1","1","3","4","0","0"
2056,"45","2","3","3","0","0","2","4","0","0"
2057,"19","4","4","1","1","1","2","3","0","0"
2058,"26","3","2","4","1","1","3","4","0","0"
2059,"31","3","4","5","1","1","1","4","0","0"
2060,"27","3","3","5","1","1","2","4","0","0"
2061,"37","4","4","5","0","0","2","4","0","0"
2062,"33","3","3","4","1","0","2","2","0","0"
2106,"48","1","3","5","1","1","3","2","0","0"
2117,"43","2","3","6","1","0","3","3","0","0"
2118,"22","4","4","0","1","0","1","4","0","0"
2122,"25","4","4","0","1","0","2","4","0","0"
2145,"28","2","1","2","1","0","3","3","0","0"
2146,"33","2","2","3","1","1","2","3","0","0"
2147,"36","4","4","2","1","1","2","4","0","0"
2148,"34","4","4","2","1","1","1","4","0","0"
2149,"27","3","3","1","0","0","2","4","0","0"
2150,"34","4","4","4","1","1","3","3","0","0"
2151,"47","4","4","8","1","1","1","4","0","0"
2152,"44","4","4","6","0","1","1","3","0","0"
2153,"42","4","4","6","1","1","1","3","0","0"
2154,"35","1","3","7","1","0","2","3","1","0"
2157,"29","4","4","1","1","0","2","4","0","0"
2158,"36","2","1","6","1","1","2","1","0","0"
2161,"36","4","4","3","1","0","2","4","0","0"
2162,"43","2","4","13","1","1","2","3","0","0"
2164,"22","3","4","1","1","1","4","4","0","0"
2165,"33","2","3","5","1","0","2","1","0","0"
2166,"29","4","4","2","1","0","1","3","0","0"
2167,"34","4","4","5","1","1","3","4","0","0"
2169,"29","4","4","3","1","0","3","3","0","0"
2170,"32","3","3","6","1","0","3","3","0","0"
2171,"30","3","4","2","1","1","1","4","0","0"
2172,"39","4","4","3","0","0","1","4","0","0"
2173,"24","4","4","2","1","0","1","3","0","0"
2175,"32","3","4","5","1","1","1","2","0","0"
2176,"44","4","4","4","1","1","1","4","0","0"
2178,"35","2","4","3","0","0","3","4","1","0"
2179,"37","4","4","3","0","1","3","4","0","0"
2180,"38","4","4","6","1","1","1","4","0","0"
2181,"39","4","4","4","0","1","1","4","0","0"
2182,"33","4","4","3","1","1","1","4","0","0"
2183,"33","3","3","5","1","1","3","4","0","0"
2185,"24","3","4","5","1","1","1","2","1","0"
2187,"21","3","3","1","1","1","3","3","0","0"
2188,"29","2","4","3","1","0","3","3","0","0"
2190,"20","3","4","2","1","1","1","3","0","0"
2191,"30","4","4","1","1","1","1","4","0","0"
2193,"20","3","3","2","1","1","2","4","0","0"
2194,"45","1","3","3","1","1","3","2","0","0"
2195,"49","4","3","13","1","1","1","4","0","0"
2197,"23","4","3","1","1","1","2","2","0","0"
2198,"36","4","4","4","0","1","1","4","0","0"
2200,"29","2","3","4","1","1","2","1","0","0"
2201,"20","2","3","1","1","1","2","1","0","0"
2202,"27","3","3","3","1","1","2","3","0","0"
2203,"31","3","3","3","1","1","2","1","1","0"
2204,"32","4","4","3","0","1","1","4","0","0"
2205,"32","4","4","3","0","1","1","4","0","0"
2206,"25","4","4","1","0","1","3","3","0","0"
2207,"30","4","4","2","1","0","2","2","0","0"
2208,"34","4","4","2","1","1","3","3","0","0"
2209,"26","3","3","3","1","1","3","3","0","0"
2210,"27","3","4","4","1","1","3","3","0","0"
2211,"48","3","4","8","1","0","1","4","0","0"
2212,"37","4","4","3","1","1","2","4","0","0"
2213,"40","4","4","4","1","1","1","4","0","0"
2214,"28","4","4","5","1","1","2","4","0","0"
2215,"27","4","4","1","0","0","1","3","0","0"
2216,"29","3","3","3","1","1","2","1","0","0"
2218,"35","4","4","2","1","0","1","4","0","0"
2219,"25","2","3","4","1","1","3","3","0","0"
2220,"23","3","3","1","1","1","2","2","0","0"
2221,"19","3","3","1","1","1","2","1","0","0"
2224,"24","3","3","1","1","1","3","2","0","0"
2225,"29","3","4","5","1","1","1","2","0","0"
2226,"26","3","4","2","1","1","1","3","0","0"
2227,"25","3","3","3","1","1","3","3","0","0"
2228,"37","2","4","3","1","1","2","3","0","0"
2229,"32","4","3","3","1","1","2","4","0","0"
2232,"24","3","4","2","1","1","3","3","0","0"
2233,"23","4","4","3","1","1","3","3","0","0"
2234,"42","4","4","5","1","1","1","4","0","0"
2235,"38","3","3","2","0","1","3","4","0","0"
2236,"43","4","4","5","1","1","1","4","0","0"
2237,"21","3","3","1","1","1","2","2","0","0"
2238,"22","4","4","1","0","1","3","1","0","0"
2239,"35","2","4","6","1","1","3","4","0","0"
2240,"28","4","4","2","1","1","1","4","0","0"
2241,"22","3","4","2","0","1","3","4","0","0"
2244,"32","3","4","5","0","1","3","4","0","0"
2245,"46","2","3","6","0","0","3","4","0","0"
2247,"25","2","2","1","1","1","3","3","0","0"
2248,"39","1","2","2","1","0","2","4","0","0"
2250,"36","2","4","8","1","1","1","4","0","0"
2252,"30","3","3","4","1","0","2","2","0","0"
2253,"38","4","4","2","1","1","3","4","0","0"
2254,"36","4","4","3","0","1","2","4","0","0"
2255,"34","3","4","3","0","0","3","4","0","0"
2256,"25","4","4","1","1","1","1","4","0","0"
2303,"49","3","4","4","1","1","3","4","0","0"
2304,"28","3","4","3","1","1","1","4","0","0"
2306,"27","3","3","2","1","1","3","4","0","0"
2307,"28","4","4","2","0","1","1","4","0","0"
2308,"30","4","4","3","1","1","2","1","0","0"
2309,"32","3","3","4","1","0","3","3","0","0"
2310,"23","3","1","1","1","0","3","3","0","0"
2311,"38","3","4","7","0","1","2","3","0","0"
2313,"37","4","4","7","1","1","1","4","0","0"
2314,"47","4","4","4","0","1","2","4","0","0"
2315,"23","4","4","1","0","1","1","4","0","0"
2316,"32","4","4","4","1","1","2","3","0","0"
2317,"45","4","4","3","1","1","1","4","0","0"
2318,"35","1","2","9","1","0","3","1","0","0"
2319,"44","3","4","6","1","1","3","2","0","0"
2320,"28","3","4","2","0","1","3","3","0","0"
2322,"33","4","4","3","0","1","2","4","0","0"
2323,"42","4","4","4","0","0","2","4","0","0"
2324,"45","3","3","5","0","1","1","3","0","0"
2325,"44","2","3","1","0","1","2","4","0","0"
2326,"30","2","3","7","1","1","3","3","0","0"
2328,"29","2","3","3","1","1","3","3","0","0"
2330,"24","1","2","3","1","1","3","2","0","0"
2331,"43","4","4","2","1","1","1","4","0","0"
2332,"30","3","4","3","0","1","3","3","0","0"
2333,"29","1","2","1","1","1","3","3","0","0"
2334,"25","4","4","2","1","1","3","3","0","0"
2335,"29","3","4","5","1","1","3","3","0","0"
2336,"30","4","4","1","1","0","3","2","0","0"
2338,"28","4","4","1","1","1","2","4","0","0"
2339,"30","2","2","2","1","1","3","2","0","0"
2340,"35","2","3","6","1","0","3","2","0","0"
2341,"21","3","3","1","1","1","3","1","0","0"
2342,"30","3","4","3","1","1","3","3","0","0"
2343,"37","2","4","5","1","1","1","4","0","0"
2344,"21","4","4","2","1","1","3","3","0","0"
2345,"37","2","3","6","1","1","3","4","0","0"
2346,"33","2","3","4","1","1","2","3","0","0"
2349,"27","4","4","4","1","1","3","3","0","0"
2350,"28","1","3","5","1","1","3","4","0","0"
2351,"21","4","4","1","0","1","2","4","0","0"
2354,"29","4","4","3","1","1","1","4","0","0"
2355,"33","4","4","2","1","0","2","4","0","0"
2356,"33","4","4","3","1","1","1","4","0","0"
